dsCode,closePrice,valueDate
WIKI_JPM,42.85,"2010-01-04 00:00:00"
WIKI_JPM,43.68,"2010-01-05 00:00:00"
WIKI_JPM,43.92,"2010-01-06 00:00:00"
WIKI_JPM,44.79,"2010-01-07 00:00:00"
WIKI_JPM,44.68,"2010-01-08 00:00:00"
WIKI_JPM,44.53,"2010-01-11 00:00:00"
WIKI_JPM,43.49,"2010-01-12 00:00:00"
WIKI_JPM,44.25,"2010-01-13 00:00:00"
WIKI_JPM,44.69,"2010-01-14 00:00:00"
WIKI_JPM,43.68,"2010-01-15 00:00:00"
WIKI_JPM,43.28,"2010-01-19 00:00:00"
WIKI_JPM,43.4,"2010-01-20 00:00:00"
WIKI_JPM,40.54,"2010-01-21 00:00:00"
WIKI_JPM,39.16,"2010-01-22 00:00:00"
WIKI_JPM,39.21,"2010-01-25 00:00:00"
WIKI_JPM,38.44,"2010-01-26 00:00:00"
WIKI_JPM,39.33,"2010-01-27 00:00:00"
WIKI_JPM,39.48,"2010-01-28 00:00:00"
WIKI_JPM,38.94,"2010-01-29 00:00:00"
WIKI_JPM,39.63,"2010-02-01 00:00:00"
WIKI_JPM,40.55,"2010-02-02 00:00:00"
WIKI_JPM,40.29,"2010-02-03 00:00:00"
WIKI_JPM,38.35,"2010-02-04 00:00:00"
WIKI_JPM,38.3,"2010-02-05 00:00:00"
WIKI_JPM,37.7,"2010-02-08 00:00:00"
WIKI_JPM,38.39,"2010-02-09 00:00:00"
WIKI_JPM,38.87,"2010-02-10 00:00:00"
WIKI_JPM,39.02,"2010-02-11 00:00:00"
WIKI_JPM,38.95,"2010-02-12 00:00:00"
WIKI_JPM,40.07,"2010-02-16 00:00:00"
WIKI_JPM,40.04,"2010-02-17 00:00:00"
WIKI_JPM,40.41,"2010-02-18 00:00:00"
WIKI_JPM,40.03,"2010-02-19 00:00:00"
WIKI_JPM,40.85,"2010-02-22 00:00:00"
WIKI_JPM,39.88,"2010-02-23 00:00:00"
WIKI_JPM,40.85,"2010-02-24 00:00:00"
WIKI_JPM,40.64,"2010-02-25 00:00:00"
WIKI_JPM,41.97,"2010-02-26 00:00:00"
WIKI_JPM,41.83,"2010-03-01 00:00:00"
WIKI_JPM,41.62,"2010-03-02 00:00:00"
WIKI_JPM,41.53,"2010-03-03 00:00:00"
WIKI_JPM,41.92,"2010-03-04 00:00:00"
WIKI_JPM,42.81,"2010-03-05 00:00:00"
WIKI_JPM,42.59,"2010-03-08 00:00:00"
WIKI_JPM,42.42,"2010-03-09 00:00:00"
WIKI_JPM,42.93,"2010-03-10 00:00:00"
WIKI_JPM,43.18,"2010-03-11 00:00:00"
WIKI_JPM,43.15,"2010-03-12 00:00:00"
WIKI_JPM,43.07,"2010-03-15 00:00:00"
WIKI_JPM,43.24,"2010-03-16 00:00:00"
WIKI_JPM,43.79,"2010-03-17 00:00:00"
WIKI_JPM,43.64,"2010-03-18 00:00:00"
WIKI_JPM,43.45,"2010-03-19 00:00:00"
WIKI_JPM,43.74,"2010-03-22 00:00:00"
WIKI_JPM,44.58,"2010-03-23 00:00:00"
WIKI_JPM,44.94,"2010-03-24 00:00:00"
WIKI_JPM,44.94,"2010-03-25 00:00:00"
WIKI_JPM,45.02,"2010-03-26 00:00:00"
WIKI_JPM,44.86,"2010-03-29 00:00:00"
WIKI_JPM,44.58,"2010-03-30 00:00:00"
WIKI_JPM,44.7,"2010-03-31 00:00:00"
WIKI_JPM,45.18,"2010-04-01 00:00:00"
WIKI_JPM,45.34,"2010-04-05 00:00:00"
WIKI_JPM,45.84,"2010-04-06 00:00:00"
WIKI_JPM,45.32,"2010-04-07 00:00:00"
WIKI_JPM,45.76,"2010-04-08 00:00:00"
WIKI_JPM,45.98,"2010-04-09 00:00:00"
WIKI_JPM,46.14,"2010-04-12 00:00:00"
WIKI_JPM,45.87,"2010-04-13 00:00:00"
WIKI_JPM,47.73,"2010-04-14 00:00:00"
WIKI_JPM,47.81,"2010-04-15 00:00:00"
WIKI_JPM,45.55,"2010-04-16 00:00:00"
WIKI_JPM,45.39,"2010-04-19 00:00:00"
WIKI_JPM,45.88,"2010-04-20 00:00:00"
WIKI_JPM,45.35,"2010-04-21 00:00:00"
WIKI_JPM,44.74,"2010-04-22 00:00:00"
WIKI_JPM,44.94,"2010-04-23 00:00:00"
WIKI_JPM,43.89,"2010-04-26 00:00:00"
WIKI_JPM,42.41,"2010-04-27 00:00:00"
WIKI_JPM,43.46,"2010-04-28 00:00:00"
WIKI_JPM,44,"2010-04-29 00:00:00"
WIKI_JPM,42.58,"2010-04-30 00:00:00"
WIKI_JPM,43.53,"2010-05-03 00:00:00"
WIKI_JPM,42.47,"2010-05-04 00:00:00"
WIKI_JPM,42.63,"2010-05-05 00:00:00"
WIKI_JPM,40.81,"2010-05-06 00:00:00"
WIKI_JPM,40.76,"2010-05-07 00:00:00"
WIKI_JPM,41.95,"2010-05-10 00:00:00"
WIKI_JPM,41.55,"2010-05-11 00:00:00"
WIKI_JPM,41.69,"2010-05-12 00:00:00"
WIKI_JPM,40.81,"2010-05-13 00:00:00"
WIKI_JPM,39.89,"2010-05-14 00:00:00"
WIKI_JPM,39.84,"2010-05-17 00:00:00"
WIKI_JPM,39.02,"2010-05-18 00:00:00"
WIKI_JPM,39.38,"2010-05-19 00:00:00"
WIKI_JPM,37.83,"2010-05-20 00:00:00"
WIKI_JPM,40.05,"2010-05-21 00:00:00"
WIKI_JPM,38.62,"2010-05-24 00:00:00"
WIKI_JPM,38.94,"2010-05-25 00:00:00"
WIKI_JPM,38.78,"2010-05-26 00:00:00"
WIKI_JPM,40.42,"2010-05-27 00:00:00"
WIKI_JPM,39.58,"2010-05-28 00:00:00"
WIKI_JPM,38.54,"2010-06-01 00:00:00"
WIKI_JPM,39.55,"2010-06-02 00:00:00"
WIKI_JPM,39.1,"2010-06-03 00:00:00"
WIKI_JPM,37.62,"2010-06-04 00:00:00"
WIKI_JPM,36.72,"2010-06-07 00:00:00"
WIKI_JPM,37.78,"2010-06-08 00:00:00"
WIKI_JPM,37.12,"2010-06-09 00:00:00"
WIKI_JPM,38.29,"2010-06-10 00:00:00"
WIKI_JPM,38.09,"2010-06-11 00:00:00"
WIKI_JPM,37.33,"2010-06-14 00:00:00"
WIKI_JPM,38.25,"2010-06-15 00:00:00"
WIKI_JPM,38.52,"2010-06-16 00:00:00"
WIKI_JPM,38.44,"2010-06-17 00:00:00"
WIKI_JPM,39.18,"2010-06-18 00:00:00"
WIKI_JPM,38.87,"2010-06-21 00:00:00"
WIKI_JPM,38.33,"2010-06-22 00:00:00"
WIKI_JPM,38.89,"2010-06-23 00:00:00"
WIKI_JPM,38.03,"2010-06-24 00:00:00"
WIKI_JPM,39.44,"2010-06-25 00:00:00"
WIKI_JPM,38.54,"2010-06-28 00:00:00"
WIKI_JPM,37.06,"2010-06-29 00:00:00"
WIKI_JPM,36.61,"2010-06-30 00:00:00"
WIKI_JPM,36.08,"2010-07-01 00:00:00"
WIKI_JPM,35.83,"2010-07-02 00:00:00"
WIKI_JPM,36.33,"2010-07-06 00:00:00"
WIKI_JPM,38.15,"2010-07-07 00:00:00"
WIKI_JPM,38.16,"2010-07-08 00:00:00"
WIKI_JPM,38.85,"2010-07-09 00:00:00"
WIKI_JPM,39.19,"2010-07-12 00:00:00"
WIKI_JPM,40.48,"2010-07-13 00:00:00"
WIKI_JPM,40.35,"2010-07-14 00:00:00"
WIKI_JPM,40.46,"2010-07-15 00:00:00"
WIKI_JPM,39,"2010-07-16 00:00:00"
WIKI_JPM,39.04,"2010-07-19 00:00:00"
WIKI_JPM,39.63,"2010-07-20 00:00:00"
WIKI_JPM,38.42,"2010-07-21 00:00:00"
WIKI_JPM,39.35,"2010-07-22 00:00:00"
WIKI_JPM,39.83,"2010-07-23 00:00:00"
WIKI_JPM,40.33,"2010-07-26 00:00:00"
WIKI_JPM,40.69,"2010-07-27 00:00:00"
WIKI_JPM,40.32,"2010-07-28 00:00:00"
WIKI_JPM,40.21,"2010-07-29 00:00:00"
WIKI_JPM,40.28,"2010-07-30 00:00:00"
WIKI_JPM,41.64,"2010-08-02 00:00:00"
WIKI_JPM,41.08,"2010-08-03 00:00:00"
WIKI_JPM,41.29,"2010-08-04 00:00:00"
WIKI_JPM,41.27,"2010-08-05 00:00:00"
WIKI_JPM,40.44,"2010-08-06 00:00:00"
WIKI_JPM,39.82,"2010-08-09 00:00:00"
WIKI_JPM,39.17,"2010-08-10 00:00:00"
WIKI_JPM,37.77,"2010-08-11 00:00:00"
WIKI_JPM,37.81,"2010-08-12 00:00:00"
WIKI_JPM,37.5,"2010-08-13 00:00:00"
WIKI_JPM,37.69,"2010-08-16 00:00:00"
WIKI_JPM,37.48,"2010-08-17 00:00:00"
WIKI_JPM,37.89,"2010-08-18 00:00:00"
WIKI_JPM,37.07,"2010-08-19 00:00:00"
WIKI_JPM,37.14,"2010-08-20 00:00:00"
WIKI_JPM,36.88,"2010-08-23 00:00:00"
WIKI_JPM,36.21,"2010-08-24 00:00:00"
WIKI_JPM,36.23,"2010-08-25 00:00:00"
WIKI_JPM,35.63,"2010-08-26 00:00:00"
WIKI_JPM,36.6,"2010-08-27 00:00:00"
WIKI_JPM,35.85,"2010-08-30 00:00:00"
WIKI_JPM,36.36,"2010-08-31 00:00:00"
WIKI_JPM,37.74,"2010-09-01 00:00:00"
WIKI_JPM,38.16,"2010-09-02 00:00:00"
WIKI_JPM,39.17,"2010-09-03 00:00:00"
WIKI_JPM,38.28,"2010-09-07 00:00:00"
WIKI_JPM,39.12,"2010-09-08 00:00:00"
WIKI_JPM,40.1,"2010-09-09 00:00:00"
WIKI_JPM,39.76,"2010-09-10 00:00:00"
WIKI_JPM,41.12,"2010-09-13 00:00:00"
WIKI_JPM,40.72,"2010-09-14 00:00:00"
WIKI_JPM,40.98,"2010-09-15 00:00:00"
WIKI_JPM,40.99,"2010-09-16 00:00:00"
WIKI_JPM,40.06,"2010-09-17 00:00:00"
WIKI_JPM,41.19,"2010-09-20 00:00:00"
WIKI_JPM,40.59,"2010-09-21 00:00:00"
WIKI_JPM,39.94,"2010-09-22 00:00:00"
WIKI_JPM,39.1,"2010-09-23 00:00:00"
WIKI_JPM,39.7525,"2010-09-24 00:00:00"
WIKI_JPM,39.08,"2010-09-27 00:00:00"
WIKI_JPM,38.95,"2010-09-28 00:00:00"
WIKI_JPM,38.41,"2010-09-29 00:00:00"
WIKI_JPM,38.06,"2010-09-30 00:00:00"
WIKI_JPM,38.81,"2010-10-01 00:00:00"
WIKI_JPM,38.95,"2010-10-04 00:00:00"
WIKI_JPM,39.64,"2010-10-05 00:00:00"
WIKI_JPM,39.9,"2010-10-06 00:00:00"
WIKI_JPM,39.52,"2010-10-07 00:00:00"
WIKI_JPM,39.31,"2010-10-08 00:00:00"
WIKI_JPM,39.73,"2010-10-11 00:00:00"
WIKI_JPM,40.4,"2010-10-12 00:00:00"
WIKI_JPM,39.84,"2010-10-13 00:00:00"
WIKI_JPM,38.72,"2010-10-14 00:00:00"
WIKI_JPM,37.15,"2010-10-15 00:00:00"
WIKI_JPM,38.2,"2010-10-18 00:00:00"
WIKI_JPM,37.69,"2010-10-19 00:00:00"
WIKI_JPM,38.1,"2010-10-20 00:00:00"
WIKI_JPM,37.7,"2010-10-21 00:00:00"
WIKI_JPM,37.7,"2010-10-22 00:00:00"
WIKI_JPM,37.07,"2010-10-25 00:00:00"
WIKI_JPM,37.2,"2010-10-26 00:00:00"
WIKI_JPM,37.54,"2010-10-27 00:00:00"
WIKI_JPM,37.51,"2010-10-28 00:00:00"
WIKI_JPM,37.63,"2010-10-29 00:00:00"
WIKI_JPM,37.42,"2010-11-01 00:00:00"
WIKI_JPM,36.96,"2010-11-02 00:00:00"
WIKI_JPM,37.72,"2010-11-03 00:00:00"
WIKI_JPM,39.8,"2010-11-04 00:00:00"
WIKI_JPM,40.94,"2010-11-05 00:00:00"
WIKI_JPM,40.51,"2010-11-08 00:00:00"
WIKI_JPM,39.9,"2010-11-09 00:00:00"
WIKI_JPM,40.62,"2010-11-10 00:00:00"
WIKI_JPM,40.02,"2010-11-11 00:00:00"
WIKI_JPM,39.61,"2010-11-12 00:00:00"
WIKI_JPM,40.08,"2010-11-15 00:00:00"
WIKI_JPM,39.61,"2010-11-16 00:00:00"
WIKI_JPM,39.18,"2010-11-17 00:00:00"
WIKI_JPM,39.66,"2010-11-18 00:00:00"
WIKI_JPM,39.41,"2010-11-19 00:00:00"
WIKI_JPM,38.51,"2010-11-22 00:00:00"
WIKI_JPM,37.63,"2010-11-23 00:00:00"
WIKI_JPM,38.16,"2010-11-24 00:00:00"
WIKI_JPM,37.5,"2010-11-26 00:00:00"
WIKI_JPM,37.91,"2010-11-29 00:00:00"
WIKI_JPM,37.4,"2010-11-30 00:00:00"
WIKI_JPM,38.15,"2010-12-01 00:00:00"
WIKI_JPM,39.31,"2010-12-02 00:00:00"
WIKI_JPM,39.61,"2010-12-03 00:00:00"
WIKI_JPM,39.905,"2010-12-06 00:00:00"
WIKI_JPM,39.25,"2010-12-07 00:00:00"
WIKI_JPM,40.26,"2010-12-08 00:00:00"
WIKI_JPM,40.81,"2010-12-09 00:00:00"
WIKI_JPM,41.43,"2010-12-10 00:00:00"
WIKI_JPM,41.51,"2010-12-13 00:00:00"
WIKI_JPM,40.79,"2010-12-14 00:00:00"
WIKI_JPM,40.21,"2010-12-15 00:00:00"
WIKI_JPM,40.0125,"2010-12-16 00:00:00"
WIKI_JPM,39.67,"2010-12-17 00:00:00"
WIKI_JPM,39.95,"2010-12-20 00:00:00"
WIKI_JPM,41,"2010-12-21 00:00:00"
WIKI_JPM,42.16,"2010-12-22 00:00:00"
WIKI_JPM,42.08,"2010-12-23 00:00:00"
WIKI_JPM,42.67,"2010-12-27 00:00:00"
WIKI_JPM,42.61,"2010-12-28 00:00:00"
WIKI_JPM,42.36,"2010-12-29 00:00:00"
WIKI_JPM,42.23,"2010-12-30 00:00:00"
WIKI_JPM,42.42,"2010-12-31 00:00:00"
WIKI_JPM,43.58,"2011-01-03 00:00:00"
WIKI_JPM,44.16,"2011-01-04 00:00:00"
WIKI_JPM,44.7,"2011-01-05 00:00:00"
WIKI_JPM,44.48,"2011-01-06 00:00:00"
WIKI_JPM,43.64,"2011-01-07 00:00:00"
WIKI_JPM,43.4,"2011-01-10 00:00:00"
WIKI_JPM,43.6,"2011-01-11 00:00:00"
WIKI_JPM,44.71,"2011-01-12 00:00:00"
WIKI_JPM,44.45,"2011-01-13 00:00:00"
WIKI_JPM,44.91,"2011-01-14 00:00:00"
WIKI_JPM,44.75,"2011-01-18 00:00:00"
WIKI_JPM,43.71,"2011-01-19 00:00:00"
WIKI_JPM,44.75,"2011-01-20 00:00:00"
WIKI_JPM,45.29,"2011-01-21 00:00:00"
WIKI_JPM,45.02,"2011-01-24 00:00:00"
WIKI_JPM,44.87,"2011-01-25 00:00:00"
WIKI_JPM,44.98,"2011-01-26 00:00:00"
WIKI_JPM,45.1,"2011-01-27 00:00:00"
WIKI_JPM,44.54,"2011-01-28 00:00:00"
WIKI_JPM,44.94,"2011-01-31 00:00:00"
WIKI_JPM,45.93,"2011-02-01 00:00:00"
WIKI_JPM,45.45,"2011-02-02 00:00:00"
WIKI_JPM,45.46,"2011-02-03 00:00:00"
WIKI_JPM,44.59,"2011-02-04 00:00:00"
WIKI_JPM,45.5,"2011-02-07 00:00:00"
WIKI_JPM,45.74,"2011-02-08 00:00:00"
WIKI_JPM,45.11,"2011-02-09 00:00:00"
WIKI_JPM,45.53,"2011-02-10 00:00:00"
WIKI_JPM,46.57,"2011-02-11 00:00:00"
WIKI_JPM,46.54,"2011-02-14 00:00:00"
WIKI_JPM,46.82,"2011-02-15 00:00:00"
WIKI_JPM,47.94,"2011-02-16 00:00:00"
WIKI_JPM,47.82,"2011-02-17 00:00:00"
WIKI_JPM,48,"2011-02-18 00:00:00"
WIKI_JPM,46.01,"2011-02-22 00:00:00"
WIKI_JPM,45.96,"2011-02-23 00:00:00"
WIKI_JPM,45.91,"2011-02-24 00:00:00"
WIKI_JPM,46.68,"2011-02-25 00:00:00"
WIKI_JPM,46.69,"2011-02-28 00:00:00"
WIKI_JPM,45.6,"2011-03-01 00:00:00"
WIKI_JPM,45.21,"2011-03-02 00:00:00"
WIKI_JPM,46.08,"2011-03-03 00:00:00"
WIKI_JPM,45.52,"2011-03-04 00:00:00"
WIKI_JPM,45.19,"2011-03-07 00:00:00"
WIKI_JPM,46.4,"2011-03-08 00:00:00"
WIKI_JPM,46.56,"2011-03-09 00:00:00"
WIKI_JPM,45.53,"2011-03-10 00:00:00"
WIKI_JPM,45.74,"2011-03-11 00:00:00"
WIKI_JPM,45.3,"2011-03-14 00:00:00"
WIKI_JPM,44.61,"2011-03-15 00:00:00"
WIKI_JPM,43.81,"2011-03-16 00:00:00"
WIKI_JPM,44.56,"2011-03-17 00:00:00"
WIKI_JPM,45.74,"2011-03-18 00:00:00"
WIKI_JPM,45.63,"2011-03-21 00:00:00"
WIKI_JPM,45.47,"2011-03-22 00:00:00"
WIKI_JPM,45.6,"2011-03-23 00:00:00"
WIKI_JPM,45.73,"2011-03-24 00:00:00"
WIKI_JPM,45.86,"2011-03-25 00:00:00"
WIKI_JPM,45.96,"2011-03-28 00:00:00"
WIKI_JPM,46.02,"2011-03-29 00:00:00"
WIKI_JPM,46.45,"2011-03-30 00:00:00"
WIKI_JPM,46.1,"2011-03-31 00:00:00"
WIKI_JPM,46.35,"2011-04-01 00:00:00"
WIKI_JPM,46.34,"2011-04-04 00:00:00"
WIKI_JPM,46.58,"2011-04-05 00:00:00"
WIKI_JPM,47.64,"2011-04-06 00:00:00"
WIKI_JPM,47.4,"2011-04-07 00:00:00"
WIKI_JPM,46.84,"2011-04-08 00:00:00"
WIKI_JPM,46.86,"2011-04-11 00:00:00"
WIKI_JPM,46.64,"2011-04-12 00:00:00"
WIKI_JPM,46.25,"2011-04-13 00:00:00"
WIKI_JPM,44.97,"2011-04-14 00:00:00"
WIKI_JPM,44.89,"2011-04-15 00:00:00"
WIKI_JPM,43.96,"2011-04-18 00:00:00"
WIKI_JPM,44.6501,"2011-04-19 00:00:00"
WIKI_JPM,44.56,"2011-04-20 00:00:00"
WIKI_JPM,44.68,"2011-04-21 00:00:00"
WIKI_JPM,44.61,"2011-04-25 00:00:00"
WIKI_JPM,45.12,"2011-04-26 00:00:00"
WIKI_JPM,45.5,"2011-04-27 00:00:00"
WIKI_JPM,45.85,"2011-04-28 00:00:00"
WIKI_JPM,45.63,"2011-04-29 00:00:00"
WIKI_JPM,45.18,"2011-05-02 00:00:00"
WIKI_JPM,45.92,"2011-05-03 00:00:00"
WIKI_JPM,45.5,"2011-05-04 00:00:00"
WIKI_JPM,45.17,"2011-05-05 00:00:00"
WIKI_JPM,45.04,"2011-05-06 00:00:00"
WIKI_JPM,44.96,"2011-05-09 00:00:00"
WIKI_JPM,45.16,"2011-05-10 00:00:00"
WIKI_JPM,44.23,"2011-05-11 00:00:00"
WIKI_JPM,44.09,"2011-05-12 00:00:00"
WIKI_JPM,43.15,"2011-05-13 00:00:00"
WIKI_JPM,42.88,"2011-05-16 00:00:00"
WIKI_JPM,43.81,"2011-05-17 00:00:00"
WIKI_JPM,44.08,"2011-05-18 00:00:00"
WIKI_JPM,44,"2011-05-19 00:00:00"
WIKI_JPM,43.13,"2011-05-20 00:00:00"
WIKI_JPM,42.55,"2011-05-23 00:00:00"
WIKI_JPM,42.34,"2011-05-24 00:00:00"
WIKI_JPM,42.27,"2011-05-25 00:00:00"
WIKI_JPM,42.45,"2011-05-26 00:00:00"
WIKI_JPM,42.79,"2011-05-27 00:00:00"
WIKI_JPM,43.24,"2011-05-31 00:00:00"
WIKI_JPM,41.76,"2011-06-01 00:00:00"
WIKI_JPM,41.61,"2011-06-02 00:00:00"
WIKI_JPM,41.57,"2011-06-03 00:00:00"
WIKI_JPM,40.53,"2011-06-06 00:00:00"
WIKI_JPM,40.72,"2011-06-07 00:00:00"
WIKI_JPM,40.39,"2011-06-08 00:00:00"
WIKI_JPM,40.98,"2011-06-09 00:00:00"
WIKI_JPM,41.05,"2011-06-10 00:00:00"
WIKI_JPM,41.67,"2011-06-13 00:00:00"
WIKI_JPM,41.605,"2011-06-14 00:00:00"
WIKI_JPM,40.68,"2011-06-15 00:00:00"
WIKI_JPM,40.36,"2011-06-16 00:00:00"
WIKI_JPM,40.8,"2011-06-17 00:00:00"
WIKI_JPM,40.48,"2011-06-20 00:00:00"
WIKI_JPM,40.91,"2011-06-21 00:00:00"
WIKI_JPM,40.69,"2011-06-22 00:00:00"
WIKI_JPM,40.07,"2011-06-23 00:00:00"
WIKI_JPM,39.49,"2011-06-24 00:00:00"
WIKI_JPM,39.88,"2011-06-27 00:00:00"
WIKI_JPM,39.54,"2011-06-28 00:00:00"
WIKI_JPM,40.45,"2011-06-29 00:00:00"
WIKI_JPM,40.94,"2011-06-30 00:00:00"
WIKI_JPM,41.58,"2011-07-01 00:00:00"
WIKI_JPM,41.03,"2011-07-05 00:00:00"
WIKI_JPM,40.56,"2011-07-06 00:00:00"
WIKI_JPM,41.32,"2011-07-07 00:00:00"
WIKI_JPM,40.74,"2011-07-08 00:00:00"
WIKI_JPM,39.43,"2011-07-11 00:00:00"
WIKI_JPM,39.39,"2011-07-12 00:00:00"
WIKI_JPM,39.62,"2011-07-13 00:00:00"
WIKI_JPM,40.35,"2011-07-14 00:00:00"
WIKI_JPM,39.98,"2011-07-15 00:00:00"
WIKI_JPM,39.83,"2011-07-18 00:00:00"
WIKI_JPM,40.39,"2011-07-19 00:00:00"
WIKI_JPM,40.96,"2011-07-20 00:00:00"
WIKI_JPM,42.29,"2011-07-21 00:00:00"
WIKI_JPM,42.19,"2011-07-22 00:00:00"
WIKI_JPM,41.69,"2011-07-25 00:00:00"
WIKI_JPM,41.44,"2011-07-26 00:00:00"
WIKI_JPM,40.67,"2011-07-27 00:00:00"
WIKI_JPM,40.68,"2011-07-28 00:00:00"
WIKI_JPM,40.45,"2011-07-29 00:00:00"
WIKI_JPM,40.44,"2011-08-01 00:00:00"
WIKI_JPM,39.84,"2011-08-02 00:00:00"
WIKI_JPM,39.9,"2011-08-03 00:00:00"
WIKI_JPM,37.92,"2011-08-04 00:00:00"
WIKI_JPM,37.6,"2011-08-05 00:00:00"
WIKI_JPM,34.06,"2011-08-08 00:00:00"
WIKI_JPM,36.4,"2011-08-09 00:00:00"
WIKI_JPM,34.37,"2011-08-10 00:00:00"
WIKI_JPM,36.69,"2011-08-11 00:00:00"
WIKI_JPM,35.91,"2011-08-12 00:00:00"
WIKI_JPM,36.88,"2011-08-15 00:00:00"
WIKI_JPM,36.03,"2011-08-16 00:00:00"
WIKI_JPM,36.57,"2011-08-17 00:00:00"
WIKI_JPM,35.19,"2011-08-18 00:00:00"
WIKI_JPM,34.35,"2011-08-19 00:00:00"
WIKI_JPM,33.41,"2011-08-22 00:00:00"
WIKI_JPM,34.78,"2011-08-23 00:00:00"
WIKI_JPM,35.83,"2011-08-24 00:00:00"
WIKI_JPM,35.72,"2011-08-25 00:00:00"
WIKI_JPM,36.21,"2011-08-26 00:00:00"
WIKI_JPM,37.64,"2011-08-29 00:00:00"
WIKI_JPM,37.06,"2011-08-30 00:00:00"
WIKI_JPM,37.56,"2011-08-31 00:00:00"
WIKI_JPM,36.3,"2011-09-01 00:00:00"
WIKI_JPM,34.63,"2011-09-02 00:00:00"
WIKI_JPM,33.44,"2011-09-06 00:00:00"
WIKI_JPM,34.82,"2011-09-07 00:00:00"
WIKI_JPM,33.51,"2011-09-08 00:00:00"
WIKI_JPM,32.08,"2011-09-09 00:00:00"
WIKI_JPM,32.42,"2011-09-12 00:00:00"
WIKI_JPM,32.49,"2011-09-13 00:00:00"
WIKI_JPM,32.8,"2011-09-14 00:00:00"
WIKI_JPM,33.81,"2011-09-15 00:00:00"
WIKI_JPM,33.43,"2011-09-16 00:00:00"
WIKI_JPM,32.49,"2011-09-19 00:00:00"
WIKI_JPM,32.25,"2011-09-20 00:00:00"
WIKI_JPM,30.34,"2011-09-21 00:00:00"
WIKI_JPM,29.27,"2011-09-22 00:00:00"
WIKI_JPM,29.59,"2011-09-23 00:00:00"
WIKI_JPM,31.65,"2011-09-26 00:00:00"
WIKI_JPM,31.57,"2011-09-27 00:00:00"
WIKI_JPM,30.47,"2011-09-28 00:00:00"
WIKI_JPM,31.39,"2011-09-29 00:00:00"
WIKI_JPM,30.12,"2011-09-30 00:00:00"
WIKI_JPM,28.65,"2011-10-03 00:00:00"
WIKI_JPM,30.26,"2011-10-04 00:00:00"
WIKI_JPM,30.84,"2011-10-05 00:00:00"
WIKI_JPM,32.38,"2011-10-06 00:00:00"
WIKI_JPM,30.7,"2011-10-07 00:00:00"
WIKI_JPM,32.3,"2011-10-10 00:00:00"
WIKI_JPM,32.3,"2011-10-11 00:00:00"
WIKI_JPM,33.2,"2011-10-12 00:00:00"
WIKI_JPM,31.6,"2011-10-13 00:00:00"
WIKI_JPM,31.89,"2011-10-14 00:00:00"
WIKI_JPM,31.04,"2011-10-17 00:00:00"
WIKI_JPM,32.87,"2011-10-18 00:00:00"
WIKI_JPM,32.25,"2011-10-19 00:00:00"
WIKI_JPM,33.13,"2011-10-20 00:00:00"
WIKI_JPM,33.42,"2011-10-21 00:00:00"
WIKI_JPM,34.57,"2011-10-24 00:00:00"
WIKI_JPM,33.49,"2011-10-25 00:00:00"
WIKI_JPM,34.18,"2011-10-26 00:00:00"
WIKI_JPM,36.67,"2011-10-27 00:00:00"
WIKI_JPM,36.69,"2011-10-28 00:00:00"
WIKI_JPM,34.76,"2011-10-31 00:00:00"
WIKI_JPM,32.71,"2011-11-01 00:00:00"
WIKI_JPM,33.64,"2011-11-02 00:00:00"
WIKI_JPM,34.38,"2011-11-03 00:00:00"
WIKI_JPM,33.97,"2011-11-04 00:00:00"
WIKI_JPM,34.24,"2011-11-07 00:00:00"
WIKI_JPM,35.02,"2011-11-08 00:00:00"
WIKI_JPM,32.54,"2011-11-09 00:00:00"
WIKI_JPM,32.74,"2011-11-10 00:00:00"
WIKI_JPM,33.28,"2011-11-11 00:00:00"
WIKI_JPM,32.55,"2011-11-14 00:00:00"
WIKI_JPM,32.7,"2011-11-15 00:00:00"
WIKI_JPM,31.47,"2011-11-16 00:00:00"
WIKI_JPM,30.49,"2011-11-17 00:00:00"
WIKI_JPM,30.62,"2011-11-18 00:00:00"
WIKI_JPM,29.91,"2011-11-21 00:00:00"
WIKI_JPM,29.41,"2011-11-22 00:00:00"
WIKI_JPM,28.38,"2011-11-23 00:00:00"
WIKI_JPM,28.48,"2011-11-25 00:00:00"
WIKI_JPM,29.16,"2011-11-28 00:00:00"
WIKI_JPM,28.56,"2011-11-29 00:00:00"
WIKI_JPM,30.97,"2011-11-30 00:00:00"
WIKI_JPM,30.46,"2011-12-01 00:00:00"
WIKI_JPM,32.33,"2011-12-02 00:00:00"
WIKI_JPM,33.51,"2011-12-05 00:00:00"
WIKI_JPM,33.23,"2011-12-06 00:00:00"
WIKI_JPM,34,"2011-12-07 00:00:00"
WIKI_JPM,32.22,"2011-12-08 00:00:00"
WIKI_JPM,33.18,"2011-12-09 00:00:00"
WIKI_JPM,32.04,"2011-12-12 00:00:00"
WIKI_JPM,31.29,"2011-12-13 00:00:00"
WIKI_JPM,31.51,"2011-12-14 00:00:00"
WIKI_JPM,31.76,"2011-12-15 00:00:00"
WIKI_JPM,31.89,"2011-12-16 00:00:00"
WIKI_JPM,30.7,"2011-12-19 00:00:00"
WIKI_JPM,32.21,"2011-12-20 00:00:00"
WIKI_JPM,32.32,"2011-12-21 00:00:00"
WIKI_JPM,33.45,"2011-12-22 00:00:00"
WIKI_JPM,33.57,"2011-12-23 00:00:00"
WIKI_JPM,33.03,"2011-12-27 00:00:00"
WIKI_JPM,32.65,"2011-12-28 00:00:00"
WIKI_JPM,33.42,"2011-12-29 00:00:00"
WIKI_JPM,33.25,"2011-12-30 00:00:00"
WIKI_JPM,34.98,"2012-01-03 00:00:00"
WIKI_JPM,34.95,"2012-01-04 00:00:00"
WIKI_JPM,35.68,"2012-01-05 00:00:00"
WIKI_JPM,35.36,"2012-01-06 00:00:00"
WIKI_JPM,35.3,"2012-01-09 00:00:00"
WIKI_JPM,36.05,"2012-01-10 00:00:00"
WIKI_JPM,36.66,"2012-01-11 00:00:00"
WIKI_JPM,36.85,"2012-01-12 00:00:00"
WIKI_JPM,35.92,"2012-01-13 00:00:00"
WIKI_JPM,34.91,"2012-01-17 00:00:00"
WIKI_JPM,36.54,"2012-01-18 00:00:00"
WIKI_JPM,36.93,"2012-01-19 00:00:00"
WIKI_JPM,37.36,"2012-01-20 00:00:00"
WIKI_JPM,37.66,"2012-01-23 00:00:00"
WIKI_JPM,37.66,"2012-01-24 00:00:00"
WIKI_JPM,37.6,"2012-01-25 00:00:00"
WIKI_JPM,37.49,"2012-01-26 00:00:00"
WIKI_JPM,37.21,"2012-01-27 00:00:00"
WIKI_JPM,37.01,"2012-01-30 00:00:00"
WIKI_JPM,37.3,"2012-01-31 00:00:00"
WIKI_JPM,37.6,"2012-02-01 00:00:00"
WIKI_JPM,37.55,"2012-02-02 00:00:00"
WIKI_JPM,38.28,"2012-02-03 00:00:00"
WIKI_JPM,38.14,"2012-02-06 00:00:00"
WIKI_JPM,37.87,"2012-02-07 00:00:00"
WIKI_JPM,38.3,"2012-02-08 00:00:00"
WIKI_JPM,37.86,"2012-02-09 00:00:00"
WIKI_JPM,37.61,"2012-02-10 00:00:00"
WIKI_JPM,38.3,"2012-02-13 00:00:00"
WIKI_JPM,37.92,"2012-02-14 00:00:00"
WIKI_JPM,37.4,"2012-02-15 00:00:00"
WIKI_JPM,38,"2012-02-16 00:00:00"
WIKI_JPM,38.47,"2012-02-17 00:00:00"
WIKI_JPM,38.46,"2012-02-21 00:00:00"
WIKI_JPM,38.07,"2012-02-22 00:00:00"
WIKI_JPM,38.49,"2012-02-23 00:00:00"
WIKI_JPM,38.28,"2012-02-24 00:00:00"
WIKI_JPM,39.06,"2012-02-27 00:00:00"
WIKI_JPM,39.21,"2012-02-28 00:00:00"
WIKI_JPM,39.24,"2012-02-29 00:00:00"
WIKI_JPM,40.37,"2012-03-01 00:00:00"
WIKI_JPM,40.63,"2012-03-02 00:00:00"
WIKI_JPM,40.4,"2012-03-05 00:00:00"
WIKI_JPM,39.32,"2012-03-06 00:00:00"
WIKI_JPM,39.95,"2012-03-07 00:00:00"
WIKI_JPM,40.44,"2012-03-08 00:00:00"
WIKI_JPM,41.03,"2012-03-09 00:00:00"
WIKI_JPM,40.54,"2012-03-12 00:00:00"
WIKI_JPM,43.39,"2012-03-13 00:00:00"
WIKI_JPM,43.58,"2012-03-14 00:00:00"
WIKI_JPM,44.7,"2012-03-15 00:00:00"
WIKI_JPM,44.57,"2012-03-16 00:00:00"
WIKI_JPM,45,"2012-03-19 00:00:00"
WIKI_JPM,45.38,"2012-03-20 00:00:00"
WIKI_JPM,45.12,"2012-03-21 00:00:00"
WIKI_JPM,44.65,"2012-03-22 00:00:00"
WIKI_JPM,45.16,"2012-03-23 00:00:00"
WIKI_JPM,46.17,"2012-03-26 00:00:00"
WIKI_JPM,45.89,"2012-03-27 00:00:00"
WIKI_JPM,46.27,"2012-03-28 00:00:00"
WIKI_JPM,45.67,"2012-03-29 00:00:00"
WIKI_JPM,45.98,"2012-03-30 00:00:00"
WIKI_JPM,46.13,"2012-04-02 00:00:00"
WIKI_JPM,45.42,"2012-04-03 00:00:00"
WIKI_JPM,44.41,"2012-04-04 00:00:00"
WIKI_JPM,44.34,"2012-04-05 00:00:00"
WIKI_JPM,43.89,"2012-04-09 00:00:00"
WIKI_JPM,42.96,"2012-04-10 00:00:00"
WIKI_JPM,44.01,"2012-04-11 00:00:00"
WIKI_JPM,44.84,"2012-04-12 00:00:00"
WIKI_JPM,43.21,"2012-04-13 00:00:00"
WIKI_JPM,43.33,"2012-04-16 00:00:00"
WIKI_JPM,43.9,"2012-04-17 00:00:00"
WIKI_JPM,43.29,"2012-04-18 00:00:00"
WIKI_JPM,43.22,"2012-04-19 00:00:00"
WIKI_JPM,42.72,"2012-04-20 00:00:00"
WIKI_JPM,42.85,"2012-04-23 00:00:00"
WIKI_JPM,43.28,"2012-04-24 00:00:00"
WIKI_JPM,43.16,"2012-04-25 00:00:00"
WIKI_JPM,43.8,"2012-04-26 00:00:00"
WIKI_JPM,43.34,"2012-04-27 00:00:00"
WIKI_JPM,42.98,"2012-04-30 00:00:00"
WIKI_JPM,43.79,"2012-05-01 00:00:00"
WIKI_JPM,43.2,"2012-05-02 00:00:00"
WIKI_JPM,43.01,"2012-05-03 00:00:00"
WIKI_JPM,41.75,"2012-05-04 00:00:00"
WIKI_JPM,41.78,"2012-05-07 00:00:00"
WIKI_JPM,41.38,"2012-05-08 00:00:00"
WIKI_JPM,40.64,"2012-05-09 00:00:00"
WIKI_JPM,40.74,"2012-05-10 00:00:00"
WIKI_JPM,36.96,"2012-05-11 00:00:00"
WIKI_JPM,35.79,"2012-05-14 00:00:00"
WIKI_JPM,36.24,"2012-05-15 00:00:00"
WIKI_JPM,35.46,"2012-05-16 00:00:00"
WIKI_JPM,33.93,"2012-05-17 00:00:00"
WIKI_JPM,33.49,"2012-05-18 00:00:00"
WIKI_JPM,32.51,"2012-05-21 00:00:00"
WIKI_JPM,34.01,"2012-05-22 00:00:00"
WIKI_JPM,34.26,"2012-05-23 00:00:00"
WIKI_JPM,33.97,"2012-05-24 00:00:00"
WIKI_JPM,33.5,"2012-05-25 00:00:00"
WIKI_JPM,33.63,"2012-05-29 00:00:00"
WIKI_JPM,32.96,"2012-05-30 00:00:00"
WIKI_JPM,33.15,"2012-05-31 00:00:00"
WIKI_JPM,31.93,"2012-06-01 00:00:00"
WIKI_JPM,31,"2012-06-04 00:00:00"
WIKI_JPM,31.99,"2012-06-05 00:00:00"
WIKI_JPM,33.07,"2012-06-06 00:00:00"
WIKI_JPM,32.81,"2012-06-07 00:00:00"
WIKI_JPM,33.68,"2012-06-08 00:00:00"
WIKI_JPM,32.82,"2012-06-11 00:00:00"
WIKI_JPM,33.77,"2012-06-12 00:00:00"
WIKI_JPM,34.3,"2012-06-13 00:00:00"
WIKI_JPM,34.65,"2012-06-14 00:00:00"
WIKI_JPM,35.03,"2012-06-15 00:00:00"
WIKI_JPM,34.62,"2012-06-18 00:00:00"
WIKI_JPM,35.38,"2012-06-19 00:00:00"
WIKI_JPM,36.45,"2012-06-20 00:00:00"
WIKI_JPM,35.51,"2012-06-21 00:00:00"
WIKI_JPM,35.99,"2012-06-22 00:00:00"
WIKI_JPM,35.32,"2012-06-25 00:00:00"
WIKI_JPM,35.71,"2012-06-26 00:00:00"
WIKI_JPM,36.78,"2012-06-27 00:00:00"
WIKI_JPM,35.88,"2012-06-28 00:00:00"
WIKI_JPM,35.73,"2012-06-29 00:00:00"
WIKI_JPM,36.28,"2012-07-02 00:00:00"
WIKI_JPM,35.88,"2012-07-03 00:00:00"
WIKI_JPM,34.38,"2012-07-05 00:00:00"
WIKI_JPM,33.9,"2012-07-06 00:00:00"
WIKI_JPM,33.96,"2012-07-09 00:00:00"
WIKI_JPM,34.25,"2012-07-10 00:00:00"
WIKI_JPM,34.59,"2012-07-11 00:00:00"
WIKI_JPM,34.04,"2012-07-12 00:00:00"
WIKI_JPM,36.07,"2012-07-13 00:00:00"
WIKI_JPM,35.09,"2012-07-16 00:00:00"
WIKI_JPM,34.99,"2012-07-17 00:00:00"
WIKI_JPM,34.96,"2012-07-18 00:00:00"
WIKI_JPM,34.46,"2012-07-19 00:00:00"
WIKI_JPM,33.9,"2012-07-20 00:00:00"
WIKI_JPM,34.44,"2012-07-23 00:00:00"
WIKI_JPM,34.73,"2012-07-24 00:00:00"
WIKI_JPM,35.17,"2012-07-25 00:00:00"
WIKI_JPM,35.81,"2012-07-26 00:00:00"
WIKI_JPM,36.89,"2012-07-27 00:00:00"
WIKI_JPM,36.14,"2012-07-30 00:00:00"
WIKI_JPM,36,"2012-07-31 00:00:00"
WIKI_JPM,36,"2012-08-01 00:00:00"
WIKI_JPM,35.17,"2012-08-02 00:00:00"
WIKI_JPM,36.09,"2012-08-03 00:00:00"
WIKI_JPM,36.3,"2012-08-06 00:00:00"
WIKI_JPM,37.01,"2012-08-07 00:00:00"
WIKI_JPM,37.16,"2012-08-08 00:00:00"
WIKI_JPM,36.92,"2012-08-09 00:00:00"
WIKI_JPM,36.97,"2012-08-10 00:00:00"
WIKI_JPM,36.99,"2012-08-13 00:00:00"
WIKI_JPM,37.1,"2012-08-14 00:00:00"
WIKI_JPM,37.07,"2012-08-15 00:00:00"
WIKI_JPM,37.1,"2012-08-16 00:00:00"
WIKI_JPM,36.98,"2012-08-17 00:00:00"
WIKI_JPM,37.37,"2012-08-20 00:00:00"
WIKI_JPM,38.04,"2012-08-21 00:00:00"
WIKI_JPM,37.83,"2012-08-22 00:00:00"
WIKI_JPM,37.23,"2012-08-23 00:00:00"
WIKI_JPM,37.17,"2012-08-24 00:00:00"
WIKI_JPM,37.23,"2012-08-27 00:00:00"
WIKI_JPM,37.13,"2012-08-28 00:00:00"
WIKI_JPM,37.3,"2012-08-29 00:00:00"
WIKI_JPM,36.9,"2012-08-30 00:00:00"
WIKI_JPM,37.14,"2012-08-31 00:00:00"
WIKI_JPM,37.01,"2012-09-04 00:00:00"
WIKI_JPM,37.11,"2012-09-05 00:00:00"
WIKI_JPM,38.69,"2012-09-06 00:00:00"
WIKI_JPM,39.3,"2012-09-07 00:00:00"
WIKI_JPM,38.76,"2012-09-10 00:00:00"
WIKI_JPM,39.6,"2012-09-11 00:00:00"
WIKI_JPM,39.92,"2012-09-12 00:00:00"
WIKI_JPM,41.4,"2012-09-13 00:00:00"
WIKI_JPM,41.57,"2012-09-14 00:00:00"
WIKI_JPM,41.19,"2012-09-17 00:00:00"
WIKI_JPM,41.26,"2012-09-18 00:00:00"
WIKI_JPM,41.34,"2012-09-19 00:00:00"
WIKI_JPM,41.25,"2012-09-20 00:00:00"
WIKI_JPM,40.88,"2012-09-21 00:00:00"
WIKI_JPM,41.23,"2012-09-24 00:00:00"
WIKI_JPM,40.55,"2012-09-25 00:00:00"
WIKI_JPM,40.24,"2012-09-26 00:00:00"
WIKI_JPM,40.68,"2012-09-27 00:00:00"
WIKI_JPM,40.48,"2012-09-28 00:00:00"
WIKI_JPM,40.97,"2012-10-01 00:00:00"
WIKI_JPM,40.92,"2012-10-02 00:00:00"
WIKI_JPM,40.86,"2012-10-03 00:00:00"
WIKI_JPM,41.82,"2012-10-04 00:00:00"
WIKI_JPM,41.71,"2012-10-05 00:00:00"
WIKI_JPM,41.66,"2012-10-08 00:00:00"
WIKI_JPM,41.38,"2012-10-09 00:00:00"
WIKI_JPM,41.77,"2012-10-10 00:00:00"
WIKI_JPM,42.1,"2012-10-11 00:00:00"
WIKI_JPM,41.62,"2012-10-12 00:00:00"
WIKI_JPM,42.38,"2012-10-15 00:00:00"
WIKI_JPM,42.83,"2012-10-16 00:00:00"
WIKI_JPM,43.32,"2012-10-17 00:00:00"
WIKI_JPM,43.01,"2012-10-18 00:00:00"
WIKI_JPM,42.32,"2012-10-19 00:00:00"
WIKI_JPM,42.09,"2012-10-22 00:00:00"
WIKI_JPM,41.33,"2012-10-23 00:00:00"
WIKI_JPM,41.71,"2012-10-24 00:00:00"
WIKI_JPM,41.67,"2012-10-25 00:00:00"
WIKI_JPM,41.16,"2012-10-26 00:00:00"
WIKI_JPM,41.68,"2012-10-31 00:00:00"
WIKI_JPM,42.84,"2012-11-01 00:00:00"
WIKI_JPM,42.42,"2012-11-02 00:00:00"
WIKI_JPM,42.27,"2012-11-05 00:00:00"
WIKI_JPM,42.88,"2012-11-06 00:00:00"
WIKI_JPM,40.48,"2012-11-07 00:00:00"
WIKI_JPM,40.4,"2012-11-08 00:00:00"
WIKI_JPM,40.62,"2012-11-09 00:00:00"
WIKI_JPM,40.58,"2012-11-12 00:00:00"
WIKI_JPM,40.04,"2012-11-13 00:00:00"
WIKI_JPM,39.29,"2012-11-14 00:00:00"
WIKI_JPM,39.39,"2012-11-15 00:00:00"
WIKI_JPM,39.53,"2012-11-16 00:00:00"
WIKI_JPM,40.59,"2012-11-19 00:00:00"
WIKI_JPM,40.7,"2012-11-20 00:00:00"
WIKI_JPM,40.73,"2012-11-21 00:00:00"
WIKI_JPM,41.09,"2012-11-23 00:00:00"
WIKI_JPM,40.88,"2012-11-26 00:00:00"
WIKI_JPM,40.75,"2012-11-27 00:00:00"
WIKI_JPM,40.83,"2012-11-28 00:00:00"
WIKI_JPM,41.22,"2012-11-29 00:00:00"
WIKI_JPM,41.08,"2012-11-30 00:00:00"
WIKI_JPM,40.81,"2012-12-03 00:00:00"
WIKI_JPM,40.57,"2012-12-04 00:00:00"
WIKI_JPM,41.2,"2012-12-05 00:00:00"
WIKI_JPM,41.47,"2012-12-06 00:00:00"
WIKI_JPM,42.56,"2012-12-07 00:00:00"
WIKI_JPM,42.31,"2012-12-10 00:00:00"
WIKI_JPM,42.64,"2012-12-11 00:00:00"
WIKI_JPM,42.77,"2012-12-12 00:00:00"
WIKI_JPM,42.78,"2012-12-13 00:00:00"
WIKI_JPM,42.81,"2012-12-14 00:00:00"
WIKI_JPM,43.48,"2012-12-17 00:00:00"
WIKI_JPM,43.87,"2012-12-18 00:00:00"
WIKI_JPM,43.53,"2012-12-19 00:00:00"
WIKI_JPM,44.53,"2012-12-20 00:00:00"
WIKI_JPM,44,"2012-12-21 00:00:00"
WIKI_JPM,43.92,"2012-12-24 00:00:00"
WIKI_JPM,43.96,"2012-12-26 00:00:00"
WIKI_JPM,43.63,"2012-12-27 00:00:00"
WIKI_JPM,43.24,"2012-12-28 00:00:00"
WIKI_JPM,43.9691,"2012-12-31 00:00:00"
WIKI_JPM,44.66,"2013-01-02 00:00:00"
WIKI_JPM,44.57,"2013-01-03 00:00:00"
WIKI_JPM,45.36,"2013-01-04 00:00:00"
WIKI_JPM,45.41,"2013-01-07 00:00:00"
WIKI_JPM,45.5,"2013-01-08 00:00:00"
WIKI_JPM,45.47,"2013-01-09 00:00:00"
WIKI_JPM,46.15,"2013-01-10 00:00:00"
WIKI_JPM,46.14,"2013-01-11 00:00:00"
WIKI_JPM,45.88,"2013-01-14 00:00:00"
WIKI_JPM,46.35,"2013-01-15 00:00:00"
WIKI_JPM,46.82,"2013-01-16 00:00:00"
WIKI_JPM,46.44,"2013-01-17 00:00:00"
WIKI_JPM,46.46,"2013-01-18 00:00:00"
WIKI_JPM,46.54,"2013-01-22 00:00:00"
WIKI_JPM,46.23,"2013-01-23 00:00:00"
WIKI_JPM,46.37,"2013-01-24 00:00:00"
WIKI_JPM,47.16,"2013-01-25 00:00:00"
WIKI_JPM,46.64,"2013-01-28 00:00:00"
WIKI_JPM,47.12,"2013-01-29 00:00:00"
WIKI_JPM,47.13,"2013-01-30 00:00:00"
WIKI_JPM,47.05,"2013-01-31 00:00:00"
WIKI_JPM,47.85,"2013-02-01 00:00:00"
WIKI_JPM,47.68,"2013-02-04 00:00:00"
WIKI_JPM,48.79,"2013-02-05 00:00:00"
WIKI_JPM,48.61,"2013-02-06 00:00:00"
WIKI_JPM,48.23,"2013-02-07 00:00:00"
WIKI_JPM,48.63,"2013-02-08 00:00:00"
WIKI_JPM,48.66,"2013-02-11 00:00:00"
WIKI_JPM,49.14,"2013-02-12 00:00:00"
WIKI_JPM,48.68,"2013-02-13 00:00:00"
WIKI_JPM,49.22,"2013-02-14 00:00:00"
WIKI_JPM,48.88,"2013-02-15 00:00:00"
WIKI_JPM,49.45,"2013-02-19 00:00:00"
WIKI_JPM,48.61,"2013-02-20 00:00:00"
WIKI_JPM,48.25,"2013-02-21 00:00:00"
WIKI_JPM,48.91,"2013-02-22 00:00:00"
WIKI_JPM,47.7,"2013-02-25 00:00:00"
WIKI_JPM,47.6,"2013-02-26 00:00:00"
WIKI_JPM,49.28,"2013-02-27 00:00:00"
WIKI_JPM,48.92,"2013-02-28 00:00:00"
WIKI_JPM,48.91,"2013-03-01 00:00:00"
WIKI_JPM,49.1,"2013-03-04 00:00:00"
WIKI_JPM,49.49,"2013-03-05 00:00:00"
WIKI_JPM,50.03,"2013-03-06 00:00:00"
WIKI_JPM,50.63,"2013-03-07 00:00:00"
WIKI_JPM,50.2,"2013-03-08 00:00:00"
WIKI_JPM,50.48,"2013-03-11 00:00:00"
WIKI_JPM,50.28,"2013-03-12 00:00:00"
WIKI_JPM,50.16,"2013-03-13 00:00:00"
WIKI_JPM,51,"2013-03-14 00:00:00"
WIKI_JPM,50.02,"2013-03-15 00:00:00"
WIKI_JPM,49.51,"2013-03-18 00:00:00"
WIKI_JPM,49.2,"2013-03-19 00:00:00"
WIKI_JPM,49.12,"2013-03-20 00:00:00"
WIKI_JPM,48.35,"2013-03-21 00:00:00"
WIKI_JPM,48.78,"2013-03-22 00:00:00"
WIKI_JPM,48.52,"2013-03-25 00:00:00"
WIKI_JPM,48.64,"2013-03-26 00:00:00"
WIKI_JPM,47.77,"2013-03-27 00:00:00"
WIKI_JPM,47.46,"2013-03-28 00:00:00"
WIKI_JPM,47.83,"2013-04-01 00:00:00"
WIKI_JPM,48.28,"2013-04-02 00:00:00"
WIKI_JPM,46.85,"2013-04-03 00:00:00"
WIKI_JPM,47.49,"2013-04-04 00:00:00"
WIKI_JPM,47.91,"2013-04-05 00:00:00"
WIKI_JPM,48.58,"2013-04-08 00:00:00"
WIKI_JPM,48.68,"2013-04-09 00:00:00"
WIKI_JPM,49.25,"2013-04-10 00:00:00"
WIKI_JPM,49.31,"2013-04-11 00:00:00"
WIKI_JPM,49.01,"2013-04-12 00:00:00"
WIKI_JPM,47.93,"2013-04-15 00:00:00"
WIKI_JPM,48.49,"2013-04-16 00:00:00"
WIKI_JPM,46.79,"2013-04-17 00:00:00"
WIKI_JPM,46.64,"2013-04-18 00:00:00"
WIKI_JPM,47.23,"2013-04-19 00:00:00"
WIKI_JPM,47.35,"2013-04-22 00:00:00"
WIKI_JPM,48.17,"2013-04-23 00:00:00"
WIKI_JPM,48.72,"2013-04-24 00:00:00"
WIKI_JPM,49,"2013-04-25 00:00:00"
WIKI_JPM,48.88,"2013-04-26 00:00:00"
WIKI_JPM,48.92,"2013-04-29 00:00:00"
WIKI_JPM,49.01,"2013-04-30 00:00:00"
WIKI_JPM,48.01,"2013-05-01 00:00:00"
WIKI_JPM,48.08,"2013-05-02 00:00:00"
WIKI_JPM,47.57,"2013-05-03 00:00:00"
WIKI_JPM,48.18,"2013-05-06 00:00:00"
WIKI_JPM,49.14,"2013-05-07 00:00:00"
WIKI_JPM,49.76,"2013-05-08 00:00:00"
WIKI_JPM,49.04,"2013-05-09 00:00:00"
WIKI_JPM,48.96,"2013-05-10 00:00:00"
WIKI_JPM,49.67,"2013-05-13 00:00:00"
WIKI_JPM,50.23,"2013-05-14 00:00:00"
WIKI_JPM,51.09,"2013-05-15 00:00:00"
WIKI_JPM,50.97,"2013-05-16 00:00:00"
WIKI_JPM,52.3,"2013-05-17 00:00:00"
WIKI_JPM,52.29,"2013-05-20 00:00:00"
WIKI_JPM,53.02,"2013-05-21 00:00:00"
WIKI_JPM,53.63,"2013-05-22 00:00:00"
WIKI_JPM,53.35,"2013-05-23 00:00:00"
WIKI_JPM,53.66,"2013-05-24 00:00:00"
WIKI_JPM,54.6,"2013-05-28 00:00:00"
WIKI_JPM,54.67,"2013-05-29 00:00:00"
WIKI_JPM,55.62,"2013-05-30 00:00:00"
WIKI_JPM,54.59,"2013-05-31 00:00:00"
WIKI_JPM,54.49,"2013-06-03 00:00:00"
WIKI_JPM,54.04,"2013-06-04 00:00:00"
WIKI_JPM,53.03,"2013-06-05 00:00:00"
WIKI_JPM,53.5,"2013-06-06 00:00:00"
WIKI_JPM,54.27,"2013-06-07 00:00:00"
WIKI_JPM,54.36,"2013-06-10 00:00:00"
WIKI_JPM,53.49,"2013-06-11 00:00:00"
WIKI_JPM,53.18,"2013-06-12 00:00:00"
WIKI_JPM,54.17,"2013-06-13 00:00:00"
WIKI_JPM,53.13,"2013-06-14 00:00:00"
WIKI_JPM,53.85,"2013-06-17 00:00:00"
WIKI_JPM,54.11,"2013-06-18 00:00:00"
WIKI_JPM,53.55,"2013-06-19 00:00:00"
WIKI_JPM,52.48,"2013-06-20 00:00:00"
WIKI_JPM,51.96,"2013-06-21 00:00:00"
WIKI_JPM,50.92,"2013-06-24 00:00:00"
WIKI_JPM,52.08,"2013-06-25 00:00:00"
WIKI_JPM,52.5,"2013-06-26 00:00:00"
WIKI_JPM,53.15,"2013-06-27 00:00:00"
WIKI_JPM,52.79,"2013-06-28 00:00:00"
WIKI_JPM,52.49,"2013-07-01 00:00:00"
WIKI_JPM,52.8,"2013-07-02 00:00:00"
WIKI_JPM,52.77,"2013-07-03 00:00:00"
WIKI_JPM,53.99,"2013-07-05 00:00:00"
WIKI_JPM,54.7,"2013-07-08 00:00:00"
WIKI_JPM,54.89,"2013-07-09 00:00:00"
WIKI_JPM,54.83,"2013-07-10 00:00:00"
WIKI_JPM,55.14,"2013-07-11 00:00:00"
WIKI_JPM,54.97,"2013-07-12 00:00:00"
WIKI_JPM,54.89,"2013-07-15 00:00:00"
WIKI_JPM,55.01,"2013-07-16 00:00:00"
WIKI_JPM,55.27,"2013-07-17 00:00:00"
WIKI_JPM,56.37,"2013-07-18 00:00:00"
WIKI_JPM,56.16,"2013-07-19 00:00:00"
WIKI_JPM,56.56,"2013-07-22 00:00:00"
WIKI_JPM,56.67,"2013-07-23 00:00:00"
WIKI_JPM,56.63,"2013-07-24 00:00:00"
WIKI_JPM,56.5,"2013-07-25 00:00:00"
WIKI_JPM,56.05,"2013-07-26 00:00:00"
WIKI_JPM,55.69,"2013-07-29 00:00:00"
WIKI_JPM,55.33,"2013-07-30 00:00:00"
WIKI_JPM,55.73,"2013-07-31 00:00:00"
WIKI_JPM,56.54,"2013-08-01 00:00:00"
WIKI_JPM,56.49,"2013-08-02 00:00:00"
WIKI_JPM,56.1,"2013-08-05 00:00:00"
WIKI_JPM,55.49,"2013-08-06 00:00:00"
WIKI_JPM,55.3,"2013-08-07 00:00:00"
WIKI_JPM,54.83,"2013-08-08 00:00:00"
WIKI_JPM,54.52,"2013-08-09 00:00:00"
WIKI_JPM,54.09,"2013-08-12 00:00:00"
WIKI_JPM,54.29,"2013-08-13 00:00:00"
WIKI_JPM,54.15,"2013-08-14 00:00:00"
WIKI_JPM,53.29,"2013-08-15 00:00:00"
WIKI_JPM,53.29,"2013-08-16 00:00:00"
WIKI_JPM,51.83,"2013-08-19 00:00:00"
WIKI_JPM,52.12,"2013-08-20 00:00:00"
WIKI_JPM,51.63,"2013-08-21 00:00:00"
WIKI_JPM,52.21,"2013-08-22 00:00:00"
WIKI_JPM,52.32,"2013-08-23 00:00:00"
WIKI_JPM,51.8,"2013-08-26 00:00:00"
WIKI_JPM,50.6,"2013-08-27 00:00:00"
WIKI_JPM,50.58,"2013-08-28 00:00:00"
WIKI_JPM,50.7,"2013-08-29 00:00:00"
WIKI_JPM,50.53,"2013-08-30 00:00:00"
WIKI_JPM,51.13,"2013-09-03 00:00:00"
WIKI_JPM,51.87,"2013-09-04 00:00:00"
WIKI_JPM,52.11,"2013-09-05 00:00:00"
WIKI_JPM,52.56,"2013-09-06 00:00:00"
WIKI_JPM,52.86,"2013-09-09 00:00:00"
WIKI_JPM,53.67,"2013-09-10 00:00:00"
WIKI_JPM,53.26,"2013-09-11 00:00:00"
WIKI_JPM,52.24,"2013-09-12 00:00:00"
WIKI_JPM,52.59,"2013-09-13 00:00:00"
WIKI_JPM,53.14,"2013-09-16 00:00:00"
WIKI_JPM,53.09,"2013-09-17 00:00:00"
WIKI_JPM,53.41,"2013-09-18 00:00:00"
WIKI_JPM,52.75,"2013-09-19 00:00:00"
WIKI_JPM,52.8,"2013-09-20 00:00:00"
WIKI_JPM,51.46,"2013-09-23 00:00:00"
WIKI_JPM,50.32,"2013-09-24 00:00:00"
WIKI_JPM,51.7,"2013-09-25 00:00:00"
WIKI_JPM,51.89,"2013-09-26 00:00:00"
WIKI_JPM,52.24,"2013-09-27 00:00:00"
WIKI_JPM,51.69,"2013-09-30 00:00:00"
WIKI_JPM,51.96,"2013-10-01 00:00:00"
WIKI_JPM,52.09,"2013-10-02 00:00:00"
WIKI_JPM,51.94,"2013-10-03 00:00:00"
WIKI_JPM,52.67,"2013-10-04 00:00:00"
WIKI_JPM,51.83,"2013-10-07 00:00:00"
WIKI_JPM,50.87,"2013-10-08 00:00:00"
WIKI_JPM,50.75,"2013-10-09 00:00:00"
WIKI_JPM,52.52,"2013-10-10 00:00:00"
WIKI_JPM,52.51,"2013-10-11 00:00:00"
WIKI_JPM,52.71,"2013-10-14 00:00:00"
WIKI_JPM,52.31,"2013-10-15 00:00:00"
WIKI_JPM,54,"2013-10-16 00:00:00"
WIKI_JPM,54.21,"2013-10-17 00:00:00"
WIKI_JPM,54.3,"2013-10-18 00:00:00"
WIKI_JPM,54.27,"2013-10-21 00:00:00"
WIKI_JPM,53.62,"2013-10-22 00:00:00"
WIKI_JPM,52.75,"2013-10-23 00:00:00"
WIKI_JPM,52.48,"2013-10-24 00:00:00"
WIKI_JPM,52.77,"2013-10-25 00:00:00"
WIKI_JPM,52.68,"2013-10-28 00:00:00"
WIKI_JPM,52.73,"2013-10-29 00:00:00"
WIKI_JPM,52.6,"2013-10-30 00:00:00"
WIKI_JPM,51.54,"2013-10-31 00:00:00"
WIKI_JPM,52.51,"2013-11-01 00:00:00"
WIKI_JPM,52.04,"2013-11-04 00:00:00"
WIKI_JPM,51.95,"2013-11-05 00:00:00"
WIKI_JPM,52.1,"2013-11-06 00:00:00"
WIKI_JPM,51.65,"2013-11-07 00:00:00"
WIKI_JPM,53.96,"2013-11-08 00:00:00"
WIKI_JPM,54.1,"2013-11-11 00:00:00"
WIKI_JPM,53.97,"2013-11-12 00:00:00"
WIKI_JPM,54.14,"2013-11-13 00:00:00"
WIKI_JPM,54.4,"2013-11-14 00:00:00"
WIKI_JPM,54.87,"2013-11-15 00:00:00"
WIKI_JPM,55.74,"2013-11-18 00:00:00"
WIKI_JPM,56.15,"2013-11-19 00:00:00"
WIKI_JPM,56.1,"2013-11-20 00:00:00"
WIKI_JPM,57.22,"2013-11-21 00:00:00"
WIKI_JPM,57.46,"2013-11-22 00:00:00"
WIKI_JPM,57.65,"2013-11-25 00:00:00"
WIKI_JPM,57.17,"2013-11-26 00:00:00"
WIKI_JPM,57.48,"2013-11-27 00:00:00"
WIKI_JPM,57.22,"2013-11-29 00:00:00"
WIKI_JPM,56.98,"2013-12-02 00:00:00"
WIKI_JPM,56.86,"2013-12-03 00:00:00"
WIKI_JPM,57.19,"2013-12-04 00:00:00"
WIKI_JPM,55.82,"2013-12-05 00:00:00"
WIKI_JPM,56.06,"2013-12-06 00:00:00"
WIKI_JPM,56.51,"2013-12-09 00:00:00"
WIKI_JPM,56.7,"2013-12-10 00:00:00"
WIKI_JPM,56.07,"2013-12-11 00:00:00"
WIKI_JPM,56.31,"2013-12-12 00:00:00"
WIKI_JPM,56.17,"2013-12-13 00:00:00"
WIKI_JPM,56.42,"2013-12-16 00:00:00"
WIKI_JPM,55.72,"2013-12-17 00:00:00"
WIKI_JPM,57.24,"2013-12-18 00:00:00"
WIKI_JPM,57.23,"2013-12-19 00:00:00"
WIKI_JPM,57.7,"2013-12-20 00:00:00"
WIKI_JPM,58.24,"2013-12-23 00:00:00"
WIKI_JPM,58.25,"2013-12-24 00:00:00"
WIKI_JPM,58.2,"2013-12-26 00:00:00"
WIKI_JPM,58.14,"2013-12-27 00:00:00"
WIKI_JPM,57.95,"2013-12-30 00:00:00"
WIKI_JPM,58.48,"2013-12-31 00:00:00"
WIKI_JPM,58.21,"2014-01-02 00:00:00"
WIKI_JPM,58.66,"2014-01-03 00:00:00"
WIKI_JPM,59,"2014-01-06 00:00:00"
WIKI_JPM,58.32,"2014-01-07 00:00:00"
WIKI_JPM,58.87,"2014-01-08 00:00:00"
WIKI_JPM,58.76,"2014-01-09 00:00:00"
WIKI_JPM,58.49,"2014-01-10 00:00:00"
WIKI_JPM,57.7,"2014-01-13 00:00:00"
WIKI_JPM,57.74,"2014-01-14 00:00:00"
WIKI_JPM,59.49,"2014-01-15 00:00:00"
WIKI_JPM,58.99,"2014-01-16 00:00:00"
WIKI_JPM,58.11,"2014-01-17 00:00:00"
WIKI_JPM,58.17,"2014-01-21 00:00:00"
WIKI_JPM,57.59,"2014-01-22 00:00:00"
WIKI_JPM,56.47,"2014-01-23 00:00:00"
WIKI_JPM,55.09,"2014-01-24 00:00:00"
WIKI_JPM,55.09,"2014-01-27 00:00:00"
WIKI_JPM,55.74,"2014-01-28 00:00:00"
WIKI_JPM,55.53,"2014-01-29 00:00:00"
WIKI_JPM,56,"2014-01-30 00:00:00"
WIKI_JPM,55.36,"2014-01-31 00:00:00"
WIKI_JPM,54.31,"2014-02-03 00:00:00"
WIKI_JPM,54.95,"2014-02-04 00:00:00"
WIKI_JPM,55.21,"2014-02-05 00:00:00"
WIKI_JPM,56.48,"2014-02-06 00:00:00"
WIKI_JPM,56.62,"2014-02-07 00:00:00"
WIKI_JPM,56.74,"2014-02-10 00:00:00"
WIKI_JPM,57.43,"2014-02-11 00:00:00"
WIKI_JPM,57.52,"2014-02-12 00:00:00"
WIKI_JPM,58.03,"2014-02-13 00:00:00"
WIKI_JPM,58.15,"2014-02-14 00:00:00"
WIKI_JPM,58.49,"2014-02-18 00:00:00"
WIKI_JPM,57.26,"2014-02-19 00:00:00"
WIKI_JPM,57.58,"2014-02-20 00:00:00"
WIKI_JPM,57.61,"2014-02-21 00:00:00"
WIKI_JPM,58.03,"2014-02-24 00:00:00"
WIKI_JPM,57.03,"2014-02-25 00:00:00"
WIKI_JPM,56.75,"2014-02-26 00:00:00"
WIKI_JPM,56.69,"2014-02-27 00:00:00"
WIKI_JPM,56.82,"2014-02-28 00:00:00"
WIKI_JPM,56.21,"2014-03-03 00:00:00"
WIKI_JPM,57.26,"2014-03-04 00:00:00"
WIKI_JPM,58.16,"2014-03-05 00:00:00"
WIKI_JPM,58.9,"2014-03-06 00:00:00"
WIKI_JPM,59.4,"2014-03-07 00:00:00"
WIKI_JPM,59.2,"2014-03-10 00:00:00"
WIKI_JPM,58.19,"2014-03-11 00:00:00"
WIKI_JPM,57.92,"2014-03-12 00:00:00"
WIKI_JPM,57.42,"2014-03-13 00:00:00"
WIKI_JPM,56.8,"2014-03-14 00:00:00"
WIKI_JPM,57.58,"2014-03-17 00:00:00"
WIKI_JPM,58.06,"2014-03-18 00:00:00"
WIKI_JPM,58.3,"2014-03-19 00:00:00"
WIKI_JPM,60.11,"2014-03-20 00:00:00"
WIKI_JPM,60.17,"2014-03-21 00:00:00"
WIKI_JPM,61.07,"2014-03-24 00:00:00"
WIKI_JPM,60.93,"2014-03-25 00:00:00"
WIKI_JPM,59.9,"2014-03-26 00:00:00"
WIKI_JPM,59.92,"2014-03-27 00:00:00"
WIKI_JPM,60.04,"2014-03-28 00:00:00"
WIKI_JPM,60.71,"2014-03-31 00:00:00"
WIKI_JPM,60.67,"2014-04-01 00:00:00"
WIKI_JPM,60.48,"2014-04-02 00:00:00"
WIKI_JPM,60.66,"2014-04-03 00:00:00"
WIKI_JPM,59.81,"2014-04-04 00:00:00"
WIKI_JPM,59,"2014-04-07 00:00:00"
WIKI_JPM,58.85,"2014-04-08 00:00:00"
WIKI_JPM,59.27,"2014-04-09 00:00:00"
WIKI_JPM,57.4,"2014-04-10 00:00:00"
WIKI_JPM,55.3,"2014-04-11 00:00:00"
WIKI_JPM,54.96,"2014-04-14 00:00:00"
WIKI_JPM,54.8,"2014-04-15 00:00:00"
WIKI_JPM,55.26,"2014-04-16 00:00:00"
WIKI_JPM,55.22,"2014-04-17 00:00:00"
WIKI_JPM,55.03,"2014-04-21 00:00:00"
WIKI_JPM,55.81,"2014-04-22 00:00:00"
WIKI_JPM,56.05,"2014-04-23 00:00:00"
WIKI_JPM,56.19,"2014-04-24 00:00:00"
WIKI_JPM,55.7,"2014-04-25 00:00:00"
WIKI_JPM,55.49,"2014-04-28 00:00:00"
WIKI_JPM,56.1,"2014-04-29 00:00:00"
WIKI_JPM,55.98,"2014-04-30 00:00:00"
WIKI_JPM,55.72,"2014-05-01 00:00:00"
WIKI_JPM,55.58,"2014-05-02 00:00:00"
WIKI_JPM,54.22,"2014-05-05 00:00:00"
WIKI_JPM,53.34,"2014-05-06 00:00:00"
WIKI_JPM,54.05,"2014-05-07 00:00:00"
WIKI_JPM,54.36,"2014-05-08 00:00:00"
WIKI_JPM,54.01,"2014-05-09 00:00:00"
WIKI_JPM,54.65,"2014-05-12 00:00:00"
WIKI_JPM,54.62,"2014-05-13 00:00:00"
WIKI_JPM,54.36,"2014-05-14 00:00:00"
WIKI_JPM,53.51,"2014-05-15 00:00:00"
WIKI_JPM,53.31,"2014-05-16 00:00:00"
WIKI_JPM,53.83,"2014-05-19 00:00:00"
WIKI_JPM,53.72,"2014-05-20 00:00:00"
WIKI_JPM,54.12,"2014-05-21 00:00:00"
WIKI_JPM,54.55,"2014-05-22 00:00:00"
WIKI_JPM,54.53,"2014-05-23 00:00:00"
WIKI_JPM,55.14,"2014-05-27 00:00:00"
WIKI_JPM,55.45,"2014-05-28 00:00:00"
WIKI_JPM,55.72,"2014-05-29 00:00:00"
WIKI_JPM,55.57,"2014-05-30 00:00:00"
WIKI_JPM,55.35,"2014-06-02 00:00:00"
WIKI_JPM,55.6,"2014-06-03 00:00:00"
WIKI_JPM,55.68,"2014-06-04 00:00:00"
WIKI_JPM,56.63,"2014-06-05 00:00:00"
WIKI_JPM,56.97,"2014-06-06 00:00:00"
WIKI_JPM,57.42,"2014-06-09 00:00:00"
WIKI_JPM,57.9,"2014-06-10 00:00:00"
WIKI_JPM,57.27,"2014-06-11 00:00:00"
WIKI_JPM,57.04,"2014-06-12 00:00:00"
WIKI_JPM,57.04,"2014-06-13 00:00:00"
WIKI_JPM,56.87,"2014-06-16 00:00:00"
WIKI_JPM,57.42,"2014-06-17 00:00:00"
WIKI_JPM,57.78,"2014-06-18 00:00:00"
WIKI_JPM,57.3,"2014-06-19 00:00:00"
WIKI_JPM,57.55,"2014-06-20 00:00:00"
WIKI_JPM,58.19,"2014-06-23 00:00:00"
WIKI_JPM,57.42,"2014-06-24 00:00:00"
WIKI_JPM,57.53,"2014-06-25 00:00:00"
WIKI_JPM,57.39,"2014-06-26 00:00:00"
WIKI_JPM,57.53,"2014-06-27 00:00:00"
WIKI_JPM,57.62,"2014-06-30 00:00:00"
WIKI_JPM,57.57,"2014-07-01 00:00:00"
WIKI_JPM,56.97,"2014-07-02 00:00:00"
WIKI_JPM,57.05,"2014-07-03 00:00:00"
WIKI_JPM,56.67,"2014-07-07 00:00:00"
WIKI_JPM,55.76,"2014-07-08 00:00:00"
WIKI_JPM,56.02,"2014-07-09 00:00:00"
WIKI_JPM,55.56,"2014-07-10 00:00:00"
WIKI_JPM,55.8,"2014-07-11 00:00:00"
WIKI_JPM,56.29,"2014-07-14 00:00:00"
WIKI_JPM,58.27,"2014-07-15 00:00:00"
WIKI_JPM,58.71,"2014-07-16 00:00:00"
WIKI_JPM,57.86,"2014-07-17 00:00:00"
WIKI_JPM,58.23,"2014-07-18 00:00:00"
WIKI_JPM,58.24,"2014-07-21 00:00:00"
WIKI_JPM,58.67,"2014-07-22 00:00:00"
WIKI_JPM,59,"2014-07-23 00:00:00"
WIKI_JPM,59.17,"2014-07-24 00:00:00"
WIKI_JPM,59.01,"2014-07-25 00:00:00"
WIKI_JPM,59.19,"2014-07-28 00:00:00"
WIKI_JPM,58.64,"2014-07-29 00:00:00"
WIKI_JPM,58.91,"2014-07-30 00:00:00"
WIKI_JPM,57.67,"2014-07-31 00:00:00"
WIKI_JPM,56.48,"2014-08-01 00:00:00"
WIKI_JPM,56.65,"2014-08-04 00:00:00"
WIKI_JPM,56.06,"2014-08-05 00:00:00"
WIKI_JPM,56.23,"2014-08-06 00:00:00"
WIKI_JPM,55.91,"2014-08-07 00:00:00"
WIKI_JPM,56.34,"2014-08-08 00:00:00"
WIKI_JPM,56.32,"2014-08-11 00:00:00"
WIKI_JPM,56.35,"2014-08-12 00:00:00"
WIKI_JPM,56.72,"2014-08-13 00:00:00"
WIKI_JPM,56.98,"2014-08-14 00:00:00"
WIKI_JPM,56.75,"2014-08-15 00:00:00"
WIKI_JPM,57.23,"2014-08-18 00:00:00"
WIKI_JPM,57.56,"2014-08-19 00:00:00"
WIKI_JPM,57.64,"2014-08-20 00:00:00"
WIKI_JPM,58.5,"2014-08-21 00:00:00"
WIKI_JPM,58.49,"2014-08-22 00:00:00"
WIKI_JPM,59.34,"2014-08-25 00:00:00"
WIKI_JPM,59.74,"2014-08-26 00:00:00"
WIKI_JPM,59.59,"2014-08-27 00:00:00"
WIKI_JPM,59.16,"2014-08-28 00:00:00"
WIKI_JPM,59.45,"2014-08-29 00:00:00"
WIKI_JPM,59.67,"2014-09-02 00:00:00"
WIKI_JPM,59.7,"2014-09-03 00:00:00"
WIKI_JPM,59.71,"2014-09-04 00:00:00"
WIKI_JPM,59.91,"2014-09-05 00:00:00"
WIKI_JPM,59.89,"2014-09-08 00:00:00"
WIKI_JPM,59.06,"2014-09-09 00:00:00"
WIKI_JPM,59.22,"2014-09-10 00:00:00"
WIKI_JPM,59.76,"2014-09-11 00:00:00"
WIKI_JPM,60.03,"2014-09-12 00:00:00"
WIKI_JPM,59.94,"2014-09-15 00:00:00"
WIKI_JPM,59.99,"2014-09-16 00:00:00"
WIKI_JPM,60.31,"2014-09-17 00:00:00"
WIKI_JPM,61.32,"2014-09-18 00:00:00"
WIKI_JPM,61.11,"2014-09-19 00:00:00"
WIKI_JPM,60.91,"2014-09-22 00:00:00"
WIKI_JPM,60.94,"2014-09-23 00:00:00"
WIKI_JPM,61.63,"2014-09-24 00:00:00"
WIKI_JPM,60.15,"2014-09-25 00:00:00"
WIKI_JPM,60.56,"2014-09-26 00:00:00"
WIKI_JPM,60.33,"2014-09-29 00:00:00"
WIKI_JPM,60.24,"2014-09-30 00:00:00"
WIKI_JPM,59.77,"2014-10-01 00:00:00"
WIKI_JPM,58.84,"2014-10-02 00:00:00"
WIKI_JPM,60.3,"2014-10-03 00:00:00"
WIKI_JPM,60.18,"2014-10-06 00:00:00"
WIKI_JPM,59.27,"2014-10-07 00:00:00"
WIKI_JPM,60.4,"2014-10-08 00:00:00"
WIKI_JPM,59.08,"2014-10-09 00:00:00"
WIKI_JPM,58.52,"2014-10-10 00:00:00"
WIKI_JPM,58.16,"2014-10-13 00:00:00"
WIKI_JPM,57.99,"2014-10-14 00:00:00"
WIKI_JPM,55.53,"2014-10-15 00:00:00"
WIKI_JPM,55.08,"2014-10-16 00:00:00"
WIKI_JPM,56.2,"2014-10-17 00:00:00"
WIKI_JPM,56.63,"2014-10-20 00:00:00"
WIKI_JPM,57.93,"2014-10-21 00:00:00"
WIKI_JPM,57.45,"2014-10-22 00:00:00"
WIKI_JPM,58.06,"2014-10-23 00:00:00"
WIKI_JPM,58.74,"2014-10-24 00:00:00"
WIKI_JPM,58.64,"2014-10-27 00:00:00"
WIKI_JPM,59.63,"2014-10-28 00:00:00"
WIKI_JPM,59.29,"2014-10-29 00:00:00"
WIKI_JPM,59.39,"2014-10-30 00:00:00"
WIKI_JPM,60.48,"2014-10-31 00:00:00"
WIKI_JPM,60.88,"2014-11-03 00:00:00"
WIKI_JPM,60.25,"2014-11-04 00:00:00"
WIKI_JPM,61.15,"2014-11-05 00:00:00"
WIKI_JPM,61.23,"2014-11-06 00:00:00"
WIKI_JPM,61.47,"2014-11-07 00:00:00"
WIKI_JPM,61.93,"2014-11-10 00:00:00"
WIKI_JPM,61.37,"2014-11-11 00:00:00"
WIKI_JPM,60.56,"2014-11-12 00:00:00"
WIKI_JPM,60.23,"2014-11-13 00:00:00"
WIKI_JPM,60.28,"2014-11-14 00:00:00"
WIKI_JPM,60.38,"2014-11-17 00:00:00"
WIKI_JPM,60.53,"2014-11-18 00:00:00"
WIKI_JPM,60.6,"2014-11-19 00:00:00"
WIKI_JPM,60.12,"2014-11-20 00:00:00"
WIKI_JPM,60.45,"2014-11-21 00:00:00"
WIKI_JPM,60.96,"2014-11-24 00:00:00"
WIKI_JPM,60.3,"2014-11-25 00:00:00"
WIKI_JPM,60.34,"2014-11-26 00:00:00"
WIKI_JPM,60.16,"2014-11-28 00:00:00"
WIKI_JPM,60,"2014-12-01 00:00:00"
WIKI_JPM,61.08,"2014-12-02 00:00:00"
WIKI_JPM,61.54,"2014-12-03 00:00:00"
WIKI_JPM,61.38,"2014-12-04 00:00:00"
WIKI_JPM,62.7,"2014-12-05 00:00:00"
WIKI_JPM,62.67,"2014-12-08 00:00:00"
WIKI_JPM,62.45,"2014-12-09 00:00:00"
WIKI_JPM,60.68,"2014-12-10 00:00:00"
WIKI_JPM,61.14,"2014-12-11 00:00:00"
WIKI_JPM,60.04,"2014-12-12 00:00:00"
WIKI_JPM,59.16,"2014-12-15 00:00:00"
WIKI_JPM,58.43,"2014-12-16 00:00:00"
WIKI_JPM,59.77,"2014-12-17 00:00:00"
WIKI_JPM,61.48,"2014-12-18 00:00:00"
WIKI_JPM,61.93,"2014-12-19 00:00:00"
WIKI_JPM,61.94,"2014-12-22 00:00:00"
WIKI_JPM,62.48,"2014-12-23 00:00:00"
WIKI_JPM,62.48,"2014-12-24 00:00:00"
WIKI_JPM,62.55,"2014-12-26 00:00:00"
WIKI_JPM,62.96,"2014-12-29 00:00:00"
WIKI_JPM,63.15,"2014-12-30 00:00:00"
WIKI_JPM,62.58,"2014-12-31 00:00:00"
WIKI_JPM,62.49,"2015-01-02 00:00:00"
WIKI_JPM,60.55,"2015-01-05 00:00:00"
WIKI_JPM,58.98,"2015-01-06 00:00:00"
WIKI_JPM,59.07,"2015-01-07 00:00:00"
WIKI_JPM,60.39,"2015-01-08 00:00:00"
WIKI_JPM,59.34,"2015-01-09 00:00:00"
WIKI_JPM,58.83,"2015-01-12 00:00:00"
WIKI_JPM,58.84,"2015-01-13 00:00:00"
WIKI_JPM,56.81,"2015-01-14 00:00:00"
WIKI_JPM,54.99,"2015-01-15 00:00:00"
WIKI_JPM,55.93,"2015-01-16 00:00:00"
WIKI_JPM,55.71,"2015-01-20 00:00:00"
WIKI_JPM,55.89,"2015-01-21 00:00:00"
WIKI_JPM,57.59,"2015-01-22 00:00:00"
WIKI_JPM,56.68,"2015-01-23 00:00:00"
WIKI_JPM,56.77,"2015-01-26 00:00:00"
WIKI_JPM,56.2,"2015-01-27 00:00:00"
WIKI_JPM,54.75,"2015-01-28 00:00:00"
WIKI_JPM,55.67,"2015-01-29 00:00:00"
WIKI_JPM,54.38,"2015-01-30 00:00:00"
WIKI_JPM,55.47,"2015-02-02 00:00:00"
WIKI_JPM,56.72,"2015-02-03 00:00:00"
WIKI_JPM,56.38,"2015-02-04 00:00:00"
WIKI_JPM,56.77,"2015-02-05 00:00:00"
WIKI_JPM,57.89,"2015-02-06 00:00:00"
WIKI_JPM,57.82,"2015-02-09 00:00:00"
WIKI_JPM,58.46,"2015-02-10 00:00:00"
WIKI_JPM,58.37,"2015-02-11 00:00:00"
WIKI_JPM,59.57,"2015-02-12 00:00:00"
WIKI_JPM,59.67,"2015-02-13 00:00:00"
WIKI_JPM,60.1,"2015-02-17 00:00:00"
WIKI_JPM,59.37,"2015-02-18 00:00:00"
WIKI_JPM,59.23,"2015-02-19 00:00:00"
WIKI_JPM,59.8,"2015-02-20 00:00:00"
WIKI_JPM,59.35,"2015-02-23 00:00:00"
WIKI_JPM,60.82,"2015-02-24 00:00:00"
WIKI_JPM,61.14,"2015-02-25 00:00:00"
WIKI_JPM,61.58,"2015-02-26 00:00:00"
WIKI_JPM,61.28,"2015-02-27 00:00:00"
WIKI_JPM,61.77,"2015-03-02 00:00:00"
WIKI_JPM,61.97,"2015-03-03 00:00:00"
WIKI_JPM,62.13,"2015-03-04 00:00:00"
WIKI_JPM,62,"2015-03-05 00:00:00"
WIKI_JPM,60.89,"2015-03-06 00:00:00"
WIKI_JPM,61.5,"2015-03-09 00:00:00"
WIKI_JPM,59.96,"2015-03-10 00:00:00"
WIKI_JPM,60.24,"2015-03-11 00:00:00"
WIKI_JPM,61.37,"2015-03-12 00:00:00"
WIKI_JPM,61,"2015-03-13 00:00:00"
WIKI_JPM,61.85,"2015-03-16 00:00:00"
WIKI_JPM,61.61,"2015-03-17 00:00:00"
WIKI_JPM,61.75,"2015-03-18 00:00:00"
WIKI_JPM,61.2,"2015-03-19 00:00:00"
WIKI_JPM,61.75,"2015-03-20 00:00:00"
WIKI_JPM,61.14,"2015-03-23 00:00:00"
WIKI_JPM,60.46,"2015-03-24 00:00:00"
WIKI_JPM,59.61,"2015-03-25 00:00:00"
WIKI_JPM,59.54,"2015-03-26 00:00:00"
WIKI_JPM,59.55,"2015-03-27 00:00:00"
WIKI_JPM,60.96,"2015-03-30 00:00:00"
WIKI_JPM,60.58,"2015-03-31 00:00:00"
WIKI_JPM,59.95,"2015-04-01 00:00:00"
WIKI_JPM,60.52,"2015-04-02 00:00:00"
WIKI_JPM,60.47,"2015-04-06 00:00:00"
WIKI_JPM,60.85,"2015-04-07 00:00:00"
WIKI_JPM,61.05,"2015-04-08 00:00:00"
WIKI_JPM,61.47,"2015-04-09 00:00:00"
WIKI_JPM,61.7,"2015-04-10 00:00:00"
WIKI_JPM,62.07,"2015-04-13 00:00:00"
WIKI_JPM,63.04,"2015-04-14 00:00:00"
WIKI_JPM,64.21,"2015-04-15 00:00:00"
WIKI_JPM,63.81,"2015-04-16 00:00:00"
WIKI_JPM,62.84,"2015-04-17 00:00:00"
WIKI_JPM,63.24,"2015-04-20 00:00:00"
WIKI_JPM,62.31,"2015-04-21 00:00:00"
WIKI_JPM,62.94,"2015-04-22 00:00:00"
WIKI_JPM,62.8,"2015-04-23 00:00:00"
WIKI_JPM,62.6,"2015-04-24 00:00:00"
WIKI_JPM,62.34,"2015-04-27 00:00:00"
WIKI_JPM,62.76,"2015-04-28 00:00:00"
WIKI_JPM,63.6,"2015-04-29 00:00:00"
WIKI_JPM,63.26,"2015-04-30 00:00:00"
WIKI_JPM,63.61,"2015-05-01 00:00:00"
WIKI_JPM,64.72,"2015-05-04 00:00:00"
WIKI_JPM,64.4,"2015-05-05 00:00:00"
WIKI_JPM,63.92,"2015-05-06 00:00:00"
WIKI_JPM,64.5,"2015-05-07 00:00:00"
WIKI_JPM,65.49,"2015-05-08 00:00:00"
WIKI_JPM,65.45,"2015-05-11 00:00:00"
WIKI_JPM,65.36,"2015-05-12 00:00:00"
WIKI_JPM,65.52,"2015-05-13 00:00:00"
WIKI_JPM,66.05,"2015-05-14 00:00:00"
WIKI_JPM,65.88,"2015-05-15 00:00:00"
WIKI_JPM,66.42,"2015-05-18 00:00:00"
WIKI_JPM,67.01,"2015-05-19 00:00:00"
WIKI_JPM,66.48,"2015-05-20 00:00:00"
WIKI_JPM,66.65,"2015-05-21 00:00:00"
WIKI_JPM,66.47,"2015-05-22 00:00:00"
WIKI_JPM,65.73,"2015-05-26 00:00:00"
WIKI_JPM,66.47,"2015-05-27 00:00:00"
WIKI_JPM,66.2,"2015-05-28 00:00:00"
WIKI_JPM,65.78,"2015-05-29 00:00:00"
WIKI_JPM,66.08,"2015-06-01 00:00:00"
WIKI_JPM,66.02,"2015-06-02 00:00:00"
WIKI_JPM,66.7,"2015-06-03 00:00:00"
WIKI_JPM,66.33,"2015-06-04 00:00:00"
WIKI_JPM,67.42,"2015-06-05 00:00:00"
WIKI_JPM,66.89,"2015-06-08 00:00:00"
WIKI_JPM,67.18,"2015-06-09 00:00:00"
WIKI_JPM,68.26,"2015-06-10 00:00:00"
WIKI_JPM,68.52,"2015-06-11 00:00:00"
WIKI_JPM,68.25,"2015-06-12 00:00:00"
WIKI_JPM,67.99,"2015-06-15 00:00:00"
WIKI_JPM,68.37,"2015-06-16 00:00:00"
WIKI_JPM,68.14,"2015-06-17 00:00:00"
WIKI_JPM,68.78,"2015-06-18 00:00:00"
WIKI_JPM,68.08,"2015-06-19 00:00:00"
WIKI_JPM,68.96,"2015-06-22 00:00:00"
WIKI_JPM,69.75,"2015-06-23 00:00:00"
WIKI_JPM,69.02,"2015-06-24 00:00:00"
WIKI_JPM,68.65,"2015-06-25 00:00:00"
WIKI_JPM,68.965,"2015-06-26 00:00:00"
WIKI_JPM,67.2,"2015-06-29 00:00:00"
WIKI_JPM,67.93,"2015-06-30 00:00:00"
WIKI_JPM,68.07,"2015-07-01 00:00:00"
WIKI_JPM,67.52,"2015-07-02 00:00:00"
WIKI_JPM,67.33,"2015-07-06 00:00:00"
WIKI_JPM,66.8,"2015-07-07 00:00:00"
WIKI_JPM,65.43,"2015-07-08 00:00:00"
WIKI_JPM,66.11,"2015-07-09 00:00:00"
WIKI_JPM,67.05,"2015-07-10 00:00:00"
WIKI_JPM,69.04,"2015-07-14 00:00:00"
WIKI_JPM,69.19,"2015-07-15 00:00:00"
WIKI_JPM,69.56,"2015-07-16 00:00:00"
WIKI_JPM,69.21,"2015-07-17 00:00:00"
WIKI_JPM,69.26,"2015-07-20 00:00:00"
WIKI_JPM,69.1,"2015-07-21 00:00:00"
WIKI_JPM,70.08,"2015-07-22 00:00:00"
WIKI_JPM,69.64,"2015-07-23 00:00:00"
WIKI_JPM,68.91,"2015-07-24 00:00:00"
WIKI_JPM,68.01,"2015-07-27 00:00:00"
WIKI_JPM,68.05,"2015-07-28 00:00:00"
WIKI_JPM,68.94,"2015-07-29 00:00:00"
WIKI_JPM,69.04,"2015-07-30 00:00:00"
WIKI_JPM,68.53,"2015-07-31 00:00:00"
WIKI_JPM,68.53,"2015-08-03 00:00:00"
WIKI_JPM,68.46,"2015-08-04 00:00:00"
WIKI_JPM,68.73,"2015-08-05 00:00:00"
WIKI_JPM,68.25,"2015-08-06 00:00:00"
WIKI_JPM,68.05,"2015-08-07 00:00:00"
WIKI_JPM,68.89,"2015-08-10 00:00:00"
WIKI_JPM,68.23,"2015-08-11 00:00:00"
WIKI_JPM,67.24,"2015-08-12 00:00:00"
WIKI_JPM,67.55,"2015-08-13 00:00:00"
WIKI_JPM,67.89,"2015-08-14 00:00:00"
WIKI_JPM,68.07,"2015-08-17 00:00:00"
WIKI_JPM,68.21,"2015-08-18 00:00:00"
WIKI_JPM,67.6,"2015-08-19 00:00:00"
WIKI_JPM,65.94,"2015-08-20 00:00:00"
WIKI_JPM,63.6,"2015-08-21 00:00:00"
WIKI_JPM,60.83,"2015-08-24 00:00:00"
WIKI_JPM,59.91,"2015-08-25 00:00:00"
WIKI_JPM,62.91,"2015-08-26 00:00:00"
WIKI_JPM,64.48,"2015-08-27 00:00:00"
WIKI_JPM,64.13,"2015-08-28 00:00:00"
WIKI_JPM,64.1,"2015-08-31 00:00:00"
WIKI_JPM,61.45,"2015-09-01 00:00:00"
WIKI_JPM,62.57,"2015-09-02 00:00:00"
WIKI_JPM,62.68,"2015-09-03 00:00:00"
WIKI_JPM,61.5,"2015-09-04 00:00:00"
WIKI_JPM,63.16,"2015-09-08 00:00:00"
WIKI_JPM,62.18,"2015-09-09 00:00:00"
WIKI_JPM,62.66,"2015-09-10 00:00:00"
WIKI_JPM,62.56,"2015-09-11 00:00:00"
WIKI_JPM,62.38,"2015-09-14 00:00:00"
WIKI_JPM,63.58,"2015-09-15 00:00:00"
WIKI_JPM,64.14,"2015-09-16 00:00:00"
WIKI_JPM,62.65,"2015-09-17 00:00:00"
WIKI_JPM,60.94,"2015-09-18 00:00:00"
WIKI_JPM,61.45,"2015-09-21 00:00:00"
WIKI_JPM,60.91,"2015-09-22 00:00:00"
WIKI_JPM,60.64,"2015-09-23 00:00:00"
WIKI_JPM,60.22,"2015-09-24 00:00:00"
WIKI_JPM,61.47,"2015-09-25 00:00:00"
WIKI_JPM,59.98,"2015-09-28 00:00:00"
WIKI_JPM,59.84,"2015-09-29 00:00:00"
WIKI_JPM,60.97,"2015-09-30 00:00:00"
WIKI_JPM,61.42,"2015-10-01 00:00:00"
WIKI_JPM,60.81,"2015-10-02 00:00:00"
WIKI_JPM,62.02,"2015-10-05 00:00:00"
WIKI_JPM,62.05,"2015-10-06 00:00:00"
WIKI_JPM,62.13,"2015-10-07 00:00:00"
WIKI_JPM,62.13,"2015-10-08 00:00:00"
WIKI_JPM,61.93,"2015-10-09 00:00:00"
WIKI_JPM,61.72,"2015-10-12 00:00:00"
WIKI_JPM,61.55,"2015-10-13 00:00:00"
WIKI_JPM,59.99,"2015-10-14 00:00:00"
WIKI_JPM,61.89,"2015-10-15 00:00:00"
WIKI_JPM,62.43,"2015-10-16 00:00:00"
WIKI_JPM,62.22,"2015-10-19 00:00:00"
WIKI_JPM,62.52,"2015-10-20 00:00:00"
WIKI_JPM,62.06,"2015-10-21 00:00:00"
WIKI_JPM,63.19,"2015-10-22 00:00:00"
WIKI_JPM,63.87,"2015-10-23 00:00:00"
WIKI_JPM,63.9,"2015-10-26 00:00:00"
WIKI_JPM,63.64,"2015-10-27 00:00:00"
WIKI_JPM,65.5,"2015-10-28 00:00:00"
WIKI_JPM,65.21,"2015-10-29 00:00:00"
WIKI_JPM,64.25,"2015-10-30 00:00:00"
WIKI_JPM,65.54,"2015-11-02 00:00:00"
WIKI_JPM,65.78,"2015-11-03 00:00:00"
WIKI_JPM,65.85,"2015-11-04 00:00:00"
WIKI_JPM,66.44,"2015-11-05 00:00:00"
WIKI_JPM,68.46,"2015-11-06 00:00:00"
WIKI_JPM,67.39,"2015-11-09 00:00:00"
WIKI_JPM,67.68,"2015-11-10 00:00:00"
WIKI_JPM,67.35,"2015-11-11 00:00:00"
WIKI_JPM,66,"2015-11-12 00:00:00"
WIKI_JPM,65.56,"2015-11-13 00:00:00"
WIKI_JPM,66.51,"2015-11-16 00:00:00"
WIKI_JPM,66.13,"2015-11-17 00:00:00"
WIKI_JPM,67.45,"2015-11-18 00:00:00"
WIKI_JPM,67.66,"2015-11-19 00:00:00"
WIKI_JPM,67.54,"2015-11-20 00:00:00"
WIKI_JPM,66.88,"2015-11-23 00:00:00"
WIKI_JPM,66.78,"2015-11-24 00:00:00"
WIKI_JPM,66.86,"2015-11-25 00:00:00"
WIKI_JPM,67.17,"2015-11-27 00:00:00"
WIKI_JPM,66.68,"2015-11-30 00:00:00"
WIKI_JPM,67.61,"2015-12-01 00:00:00"
WIKI_JPM,66.66,"2015-12-02 00:00:00"
WIKI_JPM,65.8,"2015-12-03 00:00:00"
WIKI_JPM,67.89,"2015-12-04 00:00:00"
WIKI_JPM,67,"2015-12-07 00:00:00"
WIKI_JPM,65.96,"2015-12-08 00:00:00"
WIKI_JPM,65.46,"2015-12-09 00:00:00"
WIKI_JPM,65.61,"2015-12-10 00:00:00"
WIKI_JPM,64.07,"2015-12-11 00:00:00"
WIKI_JPM,64.27,"2015-12-14 00:00:00"
WIKI_JPM,66.1,"2015-12-15 00:00:00"
WIKI_JPM,67.53,"2015-12-16 00:00:00"
WIKI_JPM,66.28,"2015-12-17 00:00:00"
WIKI_JPM,64.4,"2015-12-18 00:00:00"
WIKI_JPM,65.54,"2015-12-21 00:00:00"
WIKI_JPM,65.68,"2015-12-22 00:00:00"
WIKI_JPM,66.73,"2015-12-23 00:00:00"
WIKI_JPM,66.6,"2015-12-24 00:00:00"
WIKI_JPM,66.38,"2015-12-28 00:00:00"
WIKI_JPM,67.07,"2015-12-29 00:00:00"
WIKI_JPM,66.59,"2015-12-30 00:00:00"
WIKI_JPM,66.03,"2015-12-31 00:00:00"
WIKI_JPM,63.62,"2016-01-04 00:00:00"
WIKI_JPM,63.73,"2016-01-05 00:00:00"
WIKI_JPM,62.81,"2016-01-06 00:00:00"
WIKI_JPM,60.27,"2016-01-07 00:00:00"
WIKI_JPM,58.92,"2016-01-08 00:00:00"
WIKI_JPM,58.83,"2016-01-11 00:00:00"
WIKI_JPM,58.96,"2016-01-12 00:00:00"
WIKI_JPM,57.34,"2016-01-13 00:00:00"
WIKI_JPM,58.2,"2016-01-14 00:00:00"
WIKI_JPM,57.04,"2016-01-15 00:00:00"
WIKI_JPM,57.01,"2016-01-19 00:00:00"
WIKI_JPM,55.51,"2016-01-20 00:00:00"
WIKI_JPM,55.25,"2016-01-21 00:00:00"
WIKI_JPM,56.95,"2016-01-22 00:00:00"
WIKI_JPM,55.66,"2016-01-25 00:00:00"
WIKI_JPM,57.08,"2016-01-26 00:00:00"
WIKI_JPM,57.04,"2016-01-27 00:00:00"
WIKI_JPM,57.28,"2016-01-28 00:00:00"
WIKI_JPM,59.5,"2016-01-29 00:00:00"
WIKI_JPM,58.86,"2016-02-01 00:00:00"
WIKI_JPM,57.03,"2016-02-02 00:00:00"
WIKI_JPM,57.41,"2016-02-03 00:00:00"
WIKI_JPM,58.4,"2016-02-04 00:00:00"
WIKI_JPM,57.75,"2016-02-05 00:00:00"
WIKI_JPM,56.54,"2016-02-08 00:00:00"
WIKI_JPM,56.2,"2016-02-09 00:00:00"
WIKI_JPM,55.52,"2016-02-10 00:00:00"
WIKI_JPM,53.07,"2016-02-11 00:00:00"
WIKI_JPM,57.49,"2016-02-12 00:00:00"
WIKI_JPM,58.35,"2016-02-16 00:00:00"
WIKI_JPM,58.77,"2016-02-17 00:00:00"
WIKI_JPM,57.81,"2016-02-18 00:00:00"
WIKI_JPM,57.82,"2016-02-19 00:00:00"
WIKI_JPM,58.57,"2016-02-22 00:00:00"
WIKI_JPM,56.12,"2016-02-23 00:00:00"
WIKI_JPM,56.14,"2016-02-24 00:00:00"
WIKI_JPM,57.01,"2016-02-25 00:00:00"
WIKI_JPM,57.54,"2016-02-26 00:00:00"
WIKI_JPM,56.3,"2016-02-29 00:00:00"
WIKI_JPM,59.2,"2016-03-01 00:00:00"
WIKI_JPM,59.76,"2016-03-02 00:00:00"
WIKI_JPM,59.96,"2016-03-03 00:00:00"
WIKI_JPM,60.05,"2016-03-04 00:00:00"
WIKI_JPM,59.94,"2016-03-07 00:00:00"
WIKI_JPM,58.78,"2016-03-08 00:00:00"
WIKI_JPM,59.12,"2016-03-09 00:00:00"
WIKI_JPM,58.61,"2016-03-10 00:00:00"
WIKI_JPM,59.34,"2016-03-11 00:00:00"
WIKI_JPM,59.12,"2016-03-14 00:00:00"
WIKI_JPM,59.2,"2016-03-15 00:00:00"
WIKI_JPM,58.92,"2016-03-16 00:00:00"
WIKI_JPM,58.75,"2016-03-17 00:00:00"
WIKI_JPM,60.48,"2016-03-18 00:00:00"
WIKI_JPM,60.46,"2016-03-21 00:00:00"
WIKI_JPM,60.24,"2016-03-22 00:00:00"
WIKI_JPM,59.94,"2016-03-23 00:00:00"
WIKI_JPM,59.48,"2016-03-24 00:00:00"
WIKI_JPM,59.4,"2016-03-28 00:00:00"
WIKI_JPM,59.03,"2016-03-29 00:00:00"
WIKI_JPM,59.71,"2016-03-30 00:00:00"
WIKI_JPM,59.22,"2016-03-31 00:00:00"
WIKI_JPM,59.87,"2016-04-01 00:00:00"
WIKI_JPM,59.2,"2016-04-04 00:00:00"
WIKI_JPM,58.36,"2016-04-05 00:00:00"
WIKI_JPM,58.81,"2016-04-06 00:00:00"
WIKI_JPM,57.32,"2016-04-07 00:00:00"
WIKI_JPM,57.74,"2016-04-08 00:00:00"
WIKI_JPM,58.2,"2016-04-11 00:00:00"
WIKI_JPM,59.28,"2016-04-12 00:00:00"
WIKI_JPM,61.79,"2016-04-13 00:00:00"
WIKI_JPM,62.59,"2016-04-14 00:00:00"
WIKI_JPM,61.87,"2016-04-15 00:00:00"
WIKI_JPM,62.27,"2016-04-18 00:00:00"
WIKI_JPM,63.32,"2016-04-19 00:00:00"
WIKI_JPM,64.24,"2016-04-20 00:00:00"
WIKI_JPM,63.6,"2016-04-21 00:00:00"
WIKI_JPM,63.97,"2016-04-22 00:00:00"
WIKI_JPM,63.6,"2016-04-25 00:00:00"
WIKI_JPM,63.93,"2016-04-26 00:00:00"
WIKI_JPM,64.11,"2016-04-27 00:00:00"
WIKI_JPM,63.6,"2016-04-28 00:00:00"
WIKI_JPM,63.2,"2016-04-29 00:00:00"
WIKI_JPM,63.79,"2016-05-02 00:00:00"
WIKI_JPM,62.56,"2016-05-03 00:00:00"
WIKI_JPM,61.57,"2016-05-04 00:00:00"
WIKI_JPM,61.24,"2016-05-05 00:00:00"
WIKI_JPM,61.6,"2016-05-06 00:00:00"
WIKI_JPM,61.21,"2016-05-09 00:00:00"
WIKI_JPM,62.04,"2016-05-10 00:00:00"
WIKI_JPM,61.81,"2016-05-11 00:00:00"
WIKI_JPM,61.77,"2016-05-12 00:00:00"
WIKI_JPM,61.2,"2016-05-13 00:00:00"
WIKI_JPM,61.66,"2016-05-16 00:00:00"
WIKI_JPM,61.66,"2016-05-17 00:00:00"
WIKI_JPM,64.04,"2016-05-18 00:00:00"
WIKI_JPM,63.39,"2016-05-19 00:00:00"
WIKI_JPM,63.51,"2016-05-20 00:00:00"
WIKI_JPM,63.46,"2016-05-23 00:00:00"
WIKI_JPM,64.54,"2016-05-24 00:00:00"
WIKI_JPM,65.52,"2016-05-25 00:00:00"
WIKI_JPM,65.03,"2016-05-26 00:00:00"
WIKI_JPM,65.43,"2016-05-27 00:00:00"
WIKI_JPM,65.27,"2016-05-31 00:00:00"
WIKI_JPM,65.69,"2016-06-01 00:00:00"
WIKI_JPM,65.81,"2016-06-02 00:00:00"
WIKI_JPM,64.64,"2016-06-03 00:00:00"
WIKI_JPM,65.28,"2016-06-06 00:00:00"
WIKI_JPM,65.06,"2016-06-07 00:00:00"
WIKI_JPM,65.25,"2016-06-08 00:00:00"
WIKI_JPM,64.75,"2016-06-09 00:00:00"
WIKI_JPM,63.84,"2016-06-10 00:00:00"
WIKI_JPM,63.27,"2016-06-13 00:00:00"
WIKI_JPM,62.22,"2016-06-16 00:00:00"
WIKI_JPM,62.28,"2016-06-17 00:00:00"
WIKI_JPM,62.37,"2016-06-20 00:00:00"
WIKI_JPM,62.95,"2016-06-21 00:00:00"
WIKI_JPM,62.71,"2016-06-22 00:00:00"
WIKI_JPM,64.05,"2016-06-23 00:00:00"
WIKI_JPM,59.6,"2016-06-24 00:00:00"
WIKI_JPM,57.61,"2016-06-27 00:00:00"
WIKI_JPM,59.52,"2016-06-28 00:00:00"
WIKI_JPM,61.2,"2016-06-29 00:00:00"
WIKI_JPM,62.14,"2016-06-30 00:00:00"
WIKI_JPM,61.26,"2016-07-01 00:00:00"
WIKI_JPM,59.55,"2016-07-05 00:00:00"
WIKI_JPM,60.19,"2016-07-06 00:00:00"
WIKI_JPM,60.58,"2016-07-07 00:00:00"
WIKI_JPM,61.83,"2016-07-08 00:00:00"
WIKI_JPM,62.27,"2016-07-11 00:00:00"
WIKI_JPM,63.2,"2016-07-12 00:00:00"
WIKI_JPM,63.16,"2016-07-13 00:00:00"
WIKI_JPM,64.12,"2016-07-14 00:00:00"
WIKI_JPM,64.18,"2016-07-15 00:00:00"
WIKI_JPM,63.96,"2016-07-18 00:00:00"
WIKI_JPM,63.86,"2016-07-19 00:00:00"
WIKI_JPM,63.93,"2016-07-20 00:00:00"
WIKI_JPM,63.69,"2016-07-21 00:00:00"
WIKI_JPM,64.04,"2016-07-22 00:00:00"
WIKI_JPM,63.87,"2016-07-25 00:00:00"
WIKI_JPM,64.13,"2016-07-26 00:00:00"
WIKI_JPM,64.33,"2016-07-27 00:00:00"
WIKI_JPM,64.1,"2016-07-28 00:00:00"
WIKI_JPM,63.97,"2016-07-29 00:00:00"
WIKI_JPM,63.8,"2016-08-01 00:00:00"
WIKI_JPM,63.65,"2016-08-02 00:00:00"
WIKI_JPM,64.66,"2016-08-03 00:00:00"
WIKI_JPM,64.56,"2016-08-04 00:00:00"
WIKI_JPM,66.3,"2016-08-05 00:00:00"
WIKI_JPM,66.1,"2016-08-08 00:00:00"
WIKI_JPM,65.87,"2016-08-09 00:00:00"
WIKI_JPM,65.28,"2016-08-10 00:00:00"
WIKI_JPM,65.46,"2016-08-11 00:00:00"
WIKI_JPM,65.32,"2016-08-12 00:00:00"
WIKI_JPM,65.72,"2016-08-15 00:00:00"
WIKI_JPM,65.71,"2016-08-16 00:00:00"
WIKI_JPM,65.89,"2016-08-17 00:00:00"
WIKI_JPM,65.95,"2016-08-18 00:00:00"
